idKonkordanz,WerkID,Handschrift,Ausgabe,Quellen_Index,Komponist_Text,Titel,Datierung,enthaelt,Notizen,genutzt,Stimmzahl,Kyrie,Gloria,Credo,Sanctus,Agnus
1,8097,2001,,"1, 3v-5r",,Kyrie pascali,219,,,1,4,1,0,0,0,0
2,8098,2001,,"2, 5v-6r",,Tempore pascali,219,,,1,4,1,0,0,0,0
3,8099,2001,,"3, 6v-10r",Jo Vreede brugensis,,219,,,1,4,1,1,0,0,0
4,8001,2001,,"5, 14v-27r",Gaspar,II.,219,,,1,4,1,1,1,1,1
5,8002,2001,,"6, 27v-38r",Dufay,III.,219,,,1,4,1,1,1,1,1
6,8003,2001,,"7, 38v-47r",De domarto,IV.,219,,,1,4,1,1,1,1,1
7,8004,2001,,"8, 47v-56r",Vincenet,V.,219,,,1,4,1,1,1,1,1
8,8005,2001,,"9, 56v-65r",Eloy,VI.,219,,,1,5,1,1,1,1,1
9,8006,2001,,"10, 65v-75r",,VII.,219,,,1,4,1,1,1,1,1
10,8007,2001,,"11, 76v-86r",Dufay,VIII.,219,,,1,4,1,1,1,1,1
11,8008,2001,,"12, 87v-101r",Regis,IX.,219,,,1,4,1,1,1,1,1
12,8009,2001,,"13, 101v-103r, 103v-105r",Dufay,X.,219,,,1,4,1,1,0,0,0
13,8010,2001,,"14, 106v-117r",Busnois,XI.,219,,,1,4,1,1,1,1,1
14,8011,2001,,"15, 117v-127r",Regis,XII.,219,,,1,4,1,1,1,1,1
15,8012,2001,,"16, 127v-138r",Caron,XIII.,219,,,1,4,1,1,1,1,1
16,8013,2001,,"17, 138v-149r",G. Faugues,XIV.,219,,"Fassung I. Notiert wurden lediglich D,T und CTA, Kanonanweisung fehlt.",1,3,1,1,1,1,1
17,8014,2001,,"18, 149v-160r",Ockeghem,XV.,219,,,1,4,1,1,1,1,1
18,8015,2001,,"19, 160v-170r",,XVI.,219,,,1,4,1,1,1,1,1
19,8096,2008,,1,Josquin,,233,,,1,4,1,1,1,1,1
20,8016,2002,,"1, ff. 6r-27r",Prioris,Missa de Angelis (Missa de Angelis),258,,,1,4,1,1,1,1,1
21,8017,2002,,2,Agricola,Supra Je ne demande (Missa Je nedemande),253,,,1,4,1,1,1,1,1
22,8018,2002,,"3, ff. 46v-60",Josquin des pres (Josquin),(Missa Gaudeamus),253,,Kompl. Text in allen Stimmen,1,4,1,1,1,1,1
23,8019,2002,,"4, ff. 61v-75",Josquin,(Missa Malheur mebat),253,,Kompl. Text in allen Stimmen,1,4,1,1,1,1,1
24,8020,2002,,5,Agricola,(Missa Le Serviteur),257,,,1,4,1,1,1,1,1
25,8021,2002,,6 / ff. 96-105v,Josquin,(Missa Lamibaudichon),253,,kompletter Text in allen Stimmen,1,4,1,1,1,1,1
26,8022,2002,,7,(Fevin),Le villain Jalloux [Missa Le villain Jaloulx),258,,,1,4,1,1,1,1,1
27,8023,2002,,"8, ff. 118v-128",Josquin des Pres (Josquin),(Missa Faisant regret),253,,Kompl. Text in allen Stimmen,1,4,1,1,1,1,1
28,8024,2002,,"9, ff. 129v-132",(Josquin),(Patrem de vilage a cinq),259,,"Kompl. Text in allen Stimmen; Offenbar nachträglich (auch im Inhalt) eingefügt, Schriftbild der Noten weicht erheblich ab",1,4,0,0,1,0,0
29,8024,2002,,"10, ff. 135v-139",Josquin Des Pres  (Josquin),(Et in terra de beata virgine),258,,Kompl. Text in allen Stimmen,1,4,0,1,0,0,0
30,8026,2002,,13,Fresneau,(Missa quarti toni),260,,,1,4,1,1,1,1,1
31,8027,2002,,14,Brumel (de Brumel),(Missa Dominicalis),260,,"f.189 verloren, Agnus III unvollst.",1,4,1,1,1,1,0
32,8028,2002,,15,Prioris,(Tant bel mi sont pensade),260,,,1,4,1,1,1,1,1
33,8029,2002,,"16, ff.208v-218r",(de la rue),(Missa Puer natus),249,,Papstwappen auf 1. Seite...,1,4,1,1,1,1,1
34,8030,2002,,17,,[M. Ave maris stella],249,,"Nicht im Inhaltsverzeichnis, nur 2 Stimmen des Kyrie-Anfangs???",1,,1,0,0,0,0
35,8031,2002,,18,,(Missa aquidiralle sa pensee),233,,,1,4,1,1,1,1,1
36,8010,2007,,1,,lomme arme,247,,,1,4,1,1,1,1,1
37,8057,2007,,"2, fol. 12v-18r",Jo. Okeghem,Missa Sine nomine,222,,,1,4,1,1,1,1,1
38,8058,2007,,"3, fol. 18v-28r",Jo. Okeghen,[keine Angabe],222,[keine Angabe],,1,4,1,1,1,1,1
39,8094,2007,,4,,,222,,,1,4,1,1,1,1,1
40,8095,2007,,13,,,352,,,1,4,1,0,0,1,1
41,8001,2119,,no fol.,Gaspar,,,,Nur Discantus überliefert (Roth),1,1,1,1,1,1,1
47,8032,2003,,"4, fol. 11v-20r",Ockeghen,Cujusvis toni,228,,,1,4,1,1,1,1,1
48,8033,2003,,"5, 23v-28",,,228,,,1,4,1,1,0,0,0
49,8034,2003,,"6, 28v-37",ysaac,,228,,,1,4,1,1,1,1,1
50,8035,2003,,7; fols. 38v-52,Jo. Martini,,228,,,1,4,1,1,1,1,1
51,8036,2003,,"8, 52v-62",Prioris,,228,,,1,4,1,1,1,1,1
52,8037,2003,,"9, 62v-70",L. Compere,,228,,,1,4,1,1,1,1,1
53,8038,2003,,"10, fol. 71v-85r (laut falscher Zählung 49v-63r)",Ja. Hobrecht,[ohne],228,[keine Angabe],,1,4,1,1,1,1,1
54,8039,2003,,"11, 85v-104",Tinctoris,,228,,,1,4,1,1,1,1,1
55,8040,2003,,"12, 104v-110",M. deorto,,228,,Credo am Ende der Hs. 206v-208,1,3,1,1,0,1,1
56,8041,2003,,"13, 110v-122",Philippon,,228,,,1,4,1,1,1,1,1
57,8042,2003,,"15, 124v-135",Phi. Baziron,,228,,,1,4,1,1,1,1,1
58,8043,2003,,"16, 137v-148",Gaspar,,228,,,1,4,1,1,1,1,1
59,8044,2003,,"17, 148v-158",,,228,,,1,4,1,1,1,1,1
60,8045,2003,,"18, 158v-170",Gaspar,,228,,,1,4,1,1,1,1,1
61,8046,2003,,"19, fols. 170v-176",,,228,,,1,4,1,0,0,1,1
62,8047,2003,,"20, fol. 176v-178r",Hobrecth,[ohne],228,Nur Kyrie,"Die meisten Modelle benannt, wo sie zitiert werden",1,4,1,0,0,1,0
63,8048,2004,,1,(Pintelli),(Missa gentilz gallans),243,,,1,4,1,1,1,1,1
64,8049,2004,,"2, fol. 15v-27r",(Pipelare),Lomme arme (M. L homme armé),250,,,1,4,1,1,1,1,1
65,8050,2004,,3,Josquin (Josquin),L omme Armé (M. L homme armé),250,,,1,4,1,1,1,1,1
66,8051,2004,,"4, ff. 38v-49",(Josquin),Lesse faire a mi (M. Lasse mare amy),354,,Nahezu kompl. Text in allen St. Außer T,1,4,1,1,1,1,1
67,8052,2004,,"5, fol. 50v-61r",Josquin des pres (Josquin),(M. Fortune),351,,"Vollst. Text in allen St., außer, dass in den C.f.-tragenden Stimmen nur Inscipits sind",1,4,1,1,1,1,1
68,8053,2004,,"6, ff. 62v-72",(Josquin),(M. Ave maris stella),250,,Kompl. Text in allen Stimmen,1,4,1,1,1,1,1
69,8071,2004,,7,,,250,,Nur Cantus & Tenor des Kyrie,1,2,1,0,0,0,0
70,8055,2004,,8,P. DELA RVE (Perisson de la rue),(M. de beata virgine),248,,,1,4,1,1,1,1,1
71,8056,2004,,9,(Brumel),(M. Victime),351,,,1,4,1,1,1,1,1
72,8057,2004,,"10, fol. 54v-63r",(Ogkeguam),Missa Au travail suys (Index),361,,,1,4,1,1,1,1,1
73,8058,2004,,11,(Okeguam),(M. Quarti toni),364,,,1,4,1,1,1,1,1
74,8059,2004,,12,(Pasquin),(M. Da pacem domine),251,,,1,4,1,1,1,1,1
75,8060,2004,,"13, ff. Cxlviiii´-Clv",(Josquin),(M. Dung aultre amer),251,,"Wesentlicher Text komplett außer in T, dort nur Incipits",1,4,1,1,1,1,1
76,8061,2004,,14,(Gaspar),(M. Trop penser),244,,,1,4,1,1,1,1,1
77,8062,2005,,"1, fol. 2v-13",Vaqueras,,252,,,1,4,1,1,1,1,1
78,8063,2005,,"2, f. 13v-22",,,250,,,1,4,1,1,1,1,1
79,8064,2005,,"3, fol. 23v-35",Vaqueras,,247,,,1,4,1,1,1,1,1
80,8009,2005,,"4, 36v-55r",,,234,,,1,4,1,1,1,1,1
81,8066,2005,,"5, f. 56v-68",,,235,,,1,4,1,1,1,1,1
82,8067,2005,,"6, f. 69v-83",,,233,,Pleni & Benedictus vertauscht textiert & eingeordnet Abweichendes Agnus I; Agnus II = Agnus I bei Petrucci; Agnus III = Agnus II bei Petrucci,1,4,1,1,1,1,1
83,8068,2005,,"7, f. 84v-93",,,234,,,1,4,1,1,1,1,1
84,8069,2005,,"9, f. 98v-109",Jo De Hillanas,,250,,,1,4,1,1,1,1,1
85,8070,2005,,"10, f. 110v-119",,,250,,,1,4,1,1,1,1,1
86,8071,2005,,"11, f. 120v-128",,,250,,,1,4,1,1,1,1,1
87,8072,2005,,"12, 129v-140r",anon.,,233,,"Pleni, Benedictus & Agnus zweistimmig",1,4,1,1,1,1,1
88,8073,2005,,"13, f.144v-148r",,,247,,ohne Text / Lt. RISM Kyrie und Anfang Gloria,1,4,1,1,0,0,0
89,8074,2006,,"2, 6v-17r",Caron,,219,,,1,4,1,1,1,1,1
90,8075,2006,,"3, 18v-27r",Corneli Heyns,,219,,"Et in terra, Sanctus, Osanna Tenor doppelt notiert (selbe Schrift, beides mit Initialen)?",1,4,1,1,1,1,1
91,8076,2006,,"4, 27v-36r",Vincenet,,219,,"Sanctus mit ""Gloria"" nach Benedictus",1,4,1,1,1,1,1
92,8077,2006,,"5, 37v-46r",Declibano,,219,,,1,4,1,1,1,1,1
93,8078,2006,,"6, 46v-55r",Caron,,219,,"Abweichendes Schriftbild und mis-en-page im Kyrie, keine Leerseiten zwischen vorhergehender Messe; Gloria wieder unauffällig",1,4,1,1,1,1,1
94,8079,2006,,"7, 55v-68r",Fagus,,219,,Schrift abweichend im Kyrie (nach rechts geneigt),1,4,1,1,1,1,1
95,8080,2006,,"8, 68v-81r",,,219,,"Tenor häufig zusätzlich unterteilt, ""Residuum""",1,4,1,1,1,1,1
96,8081,2006,,"9, 81v-88r",Caron,,219,,"Kein Agnus, 4 Leerseiten",1,4,1,1,1,1,0
97,8082,2006,,"10, 90v-104r",,,219,,"Gloria 1.""Ramalogia"" überschrieben, 2. Seite ""pentonans"", 2. S. Credo ""Antiptongus"" & Tenor ""Bariboans"", 1. S. Sanctus ""Epitroporosus"", Bassus Sanctus ""Tipibolizacus""",1,4,1,1,1,1,1
98,8083,2006,,"11, 104v-113r",Busnois,,219,,"Credo, Tenor zusätzlich unterteilt; ""Residuum""",1,4,1,1,1,1,1
99,8084,2006,,"12, 113v-122r",,,219,,,1,4,1,1,1,1,1
100,8085,2006,,"13, 123v-132r",Philippon,,219,,"""Residuum"", Gloria unvollständig, Chaos im Credo",1,4,1,1,1,1,1
101,8086,2006,,"14, 132v-145r",Gaspar,,219,,,1,4,1,1,1,1,1
102,8087,2006,,"15, 145v-155r",J Martini,Orsus orsus (Incipit),219,Et incarnatus fehlt,Fassung I,1,4,1,1,1,1,1
103,8088,2006,,"16, 155v-165r",Jo Martini,Sela sans plus (incipit),219,,,1,4,1,1,1,1,1
104,8089,2006,,"17, 165v-176r",,,219,,,1,4,1,1,1,1,1
105,8090,2006,,"24, fol. 196v-215r",[ohne],[ohne],348,Fehlt: Qui cum patre & Osanna I,,1,,1,1,1,1,1
106,8001,,1001,[Nr. 1],Gaspar,Aue regina celorum,,,,1,4,1,1,1,1,1
125,8001,2096,,"36, f. 160v-76",Gaspar,,,,,1,4,1,1,1,1,1
126,8100,2001,,"4, 10v-13r",,,219,,,1,4,0,1,0,0,0
127,8002,2111,,97v-106r,,,,,,1,4,1,1,1,1,1
128,8003,2111,,fol. 401v-410r,P Dedomarto,,,,,1,4,1,1,1,1,1
129,8003,2123,,fol. 11v-17r,P de Domarto,,,,"Nicht mehr vollständig erhalten. Es fehlen vom Gloria CTA/B ab Qui tollis, das gesamte Credo und vom Sanctus D/T.",1,4,1,1,0,1,1
131,8003,2124,,10,P de Domarto,,,,,1,4,1,1,1,1,1
132,8007,2025,,fol. 50v-61r,,,,,Anonyme Überlieferung,1,,1,1,1,1,1
133,8008,2025,,fol. 124v-138r,Regis,,,,,1,,1,1,1,1,1
134,8009,2123,,fol. 45r-46v,,,,,"Enthalten: Hosanna CTA/B, Agnus I & II, Agnus III D/T",1,,0,0,0,1,1
135,8009,2125,,fol. 26v-42r,,,,,,1,4,1,1,1,1,1
136,8010,2107,,fol. 154v-172r,,,,,,1,4,1,1,1,1,1
137,8010,2108,,fol. 213v-227r,Busnois,,,,,1,4,1,1,1,1,1
138,8010,2115,,fol. 101v-112r,,,,,,1,4,1,1,1,1,1
139,8010,2126,,,,,,,Teile des Agnus Dei,1,,0,0,0,0,1
140,8012,2102,,fol. 99v-113r,P Caron,,,,,1,4,1,1,1,1,1
141,8013,2115,,fol. 112v-123r,,,,,Fassung I,1,3,1,1,1,1,1
142,8013,2124,,fol. 176v-192r,Faugues,,,,Fassung II,1,3,1,1,1,1,1
143,8014,2108,,fol. 75v-87r,Ockeghem,,,,,1,4,1,1,1,1,1
144,8075,2123,,fol. 47r/v,,,,,"Nur Sanctus/Pleni: CTA/B, Sanctus B, Hosanna/Benedictus/Hosanna D/T. Offenbar von CS51 und Br 5557 abweichende Fassung.",1,3,0,0,0,1,0
145,8075,2025,,fol. 99v-109r,Ockegem,,,,,1,4,1,1,1,1,1
146,8076,2110,,fol. 73v-82r,Vincenet,,,,,1,4,1,1,1,1,1
147,8101,2006,,"1, 2v-5r",,,346,,,1,4,0,0,1,0,0
148,8102,2006,,"18, 176v-178r",,,219,,"Abweichendes Schriftbild, vgl. Caron, zahlreiche Änderungen",1,4,0,1,0,0,0
149,8103,2006,,"19, 178v-180r",,,219,,,1,4,0,0,1,0,0
150,8104,2006,,"20, 180v-183r",,,219,,,1,4,0,0,1,0,0
151,8105,2006,,"21, 183v-187r",V[???],,346,,4 oder 5 Stimmen? 2 Tenores?,1,5,0,0,1,0,0
152,8106,2006,,"22, 187v-190r",,,346,,,1,4,0,0,1,0,0
153,8107,2006,,"23, 190v-195r",Vaqueras,,346,,,1,,0,0,1,0,0
154,8079,2110,,fol. 13v-24r,,,,,,1,4,1,1,1,1,1
155,8081,2114,,fol. 36v-43r(43v),,,,,"Beginn des Agnus Dei, nur Discantus, auf 43v?",1,4,1,1,1,1,0
156,8084,2114,,44r-53r,,,,,Kyrie ohne Discantus und Tenor...,1,4,1,1,1,1,1
157,8084,2102,,49v-61r,,,,,,1,4,1,1,1,1,1
158,8085,2115,,fol. 123v-132r,,,,,,1,4,1,1,0,1,1
160,8086,,1001,[Nr. 2],Gaspar,O venus banth,,,,1,4,1,1,1,1,1
161,8086,2114,,fol. 63v-66r,anon.,,,,Gloria nicht vollständig,1,4,1,1,0,0,0
162,8086,2124,,17,"Gaspare Varbec / ""Guaspar uuarbec""",,,,,1,4,1,1,1,1,1
163,8086,2034,,fol. 23v-29r,Gaspar van Weerbeke/ anon,,,,,1,4,1,1,1,1,1
164,8086,2107,,fol. 97v-119r,,,,,Et incarnatus fehlt,1,4,1,1,1,1,1
165,8086,2121,,"fol. 120v-122v, 123v-130r",anon,,,,,1,4,1,1,1,1,0
167,8086,2030,,fol. 262-272; fol. 442-423,anon,,,,"422-23 ""O lumen"" (=Agnus Dei)",1,4,0,0,1,1,1
168,8086,2119,,f.[68-76v],Gaspar,,,,nur Discantus,1,1,1,1,1,1,1
169,8086,2054,,fol. 165-166v,"anon / ""V.b.""",,,,"Vb, ""Respice Virgo pura"" (=Et incarnatus)",1,,0,0,1,0,0
170,8086,2127,,fol. 147[145]v-148r,,,,,"Nur Benedictus, textlos",1,,0,0,0,1,0
171,8087,2124,,1,,,,ohne Agnus II,Fassung II; sections of the Sanctus are copied Sanctus-Pleni/Osanna1-Benedictus-Osanna2,1,4,1,1,1,1,1
172,8087,2114,,fol. 85v-95r,,Orsus orsus par desus (Incipit),,Et incarnatus fehlt,Fassung I,1,4,1,1,1,1,1
173,8087,2115,,fol. 89v-101r,,Orsus orsus (Incipit),,,Fassung I/II,1,4,1,1,1,1,1
174,8087,2041,,fol. 220v-233r,,,,Agnus II fehlt,Fassung II; sections of Sanctus are copied Sanctus-Pleni-Benedictus-Osanna,1,4,1,1,1,1,1
175,8087,2123,,fol. 48v,,,,"Kyrie S&T; Et in terra C,T&B; Qui tollis S&T","Überliefert, den Lesarten nach zu urteilen, ein Fragment (Kyrie D/T) der Fassung II",1,,1,0,0,0,0
177,8103,2056,,fol. 78v-80r,,,,,,1,4,0,0,1,0,0
178,8103,2115,,fol. 217v-220r,,,,,,1,4,0,0,1,0,0
179,8103,,1003,"fol. 8, 26, 43, 62",De clibano,Patrem: De clibano. Uilayge,,,"fol. 8, 26, 43, 62",1,4,0,0,1,0,0
180,8103,2129,,fol. 404v-408r,,,,,,1,4,0,0,1,0,0
181,8104,2115,,fol. 217v-220r,,,,,,1,4,0,0,1,0,0
182,8104,,1003,"fol. 17, 33, 53, 71",Gaspar,Patrem: Gaspar,,,"fol. 17, 33, 53, 71",1,4,0,0,1,0,0
183,8108,2002,,"11, ff. 90v-95",Josquin Des Pres (Josquin),(Patrem de rouges nes),,,Kompl. Text in allen St.,1,4,0,0,1,0,0
184,8113,2002,,"12, ff. 145v-150",anon.,(Patrem de village a quatre),,,"Ohne Komponist, ohne Titel; Kompl. Text in allen St.",1,4,0,0,1,0,0
185,8047,2003,,"23, f. 184v-186",,,,Nur Sanctus,,1,4,0,0,0,1,0
186,8040,2003,,206v-208,de orto,,,Credo zu No. 12,Credo zu Nr. 12,1,3,0,0,1,0,0
187,8109,2003,,"27, f. 200v-203",De orto,,347,,,1,5,0,0,1,0,0
190,8110,2004,,"15, 175v-180r",[anonym(Agricola)],(Patrem Je ne vis onques),,,,1,4,0,0,1,0,0
191,8116,2004,,"16, 181v-184",(Ro. de fevin),La belle se scit au pres dela toins (Patrem Labelle se siet),,,"Wesentl. Text kompl. in S, teilsweise in A, T & B",1,4,0,0,1,0,0
192,8115,2004,,"17, 185v-187",Josquin des pres (Josquin),(Patrem de tous biens plainne),,,"Kompl. Text in S, A & B; incipits im T ""Factorem celi et terre"", ""Et incarnatus est de spiritu sancto"" & ""Qui cum patre et filio""",1,4,0,0,1,0,0
193,8112,2007,,12,,,,,,1,4,1,0,0,0,0
194,8043,2054,,"LeipU 1494, f.204v-212",,,,,"Satzgenaue Konkordanzen unbekannt, vermutlich vollständig",1,4,0,0,0,0,0
195,8043,2119,,"UppsU 76e, f.[93v-102]",Gaspar,,,,unvollst.,1,,0,0,0,0,0
199,8043,,1001,[Nr. 5],Gaspar,Se mieulx ne vient,,,,1,4,1,1,1,1,1
200,8045,2042,,"JenaU 31, f.163v-182",,,,,vermutlich vollst.,1,,0,0,0,0,0
201,8045,2023,,"VienNB 1783, f.33v-48","""Jaspar""",,,,vermutlich vollst.,1,,0,0,0,0,0
202,8061,2119,,"UppsU 76e, f.[77v-85v]",Gaspar,,,,unvollst.,1,,0,0,0,0,0
203,8061,,1001,[Nr. 3],Gaspar,E trop penser,,,,1,4,1,1,1,1,1
204,8020,2023,,fol. 111v-126r,Agrico-La (la als Note geschrieben),,,,vermutl. vollst.,1,,0,0,0,0,0
205,8020,2039,,fol. 128v-141r,<anon.>,,,,vermutl. vollst.,1,,0,0,0,0,0
206,8020,,1005,[Nr. 1],Alexandri Agricole,Le seruiteur,,,,1,4,1,1,1,1,1
208,8017,,1005,[Nr. 2],Alexandri Agricole,Je ne demande,,,,1,4,1,1,1,1,1
209,8017,2053,,fol. 38v-42r(Tenor) fol. 57v-62r(Bass),Alexander Agricola,,,,,1,2,0,0,0,0,0
210,8027,2090,,ff. 164v-168r,,,,,"Teil eine ""composite mass"", nur Sanctus und Agnus I",1,4,0,0,0,1,1
211,8027,2055,,ff.123v-133r,,,,,Nur Credo als Teil Missa BMV,1,4,0,0,1,0,0
212,8027,2103,,ff. 164r-173v,Brumel,(ohne Titel),,,Nur Superius,1,1,1,1,1,1,1
213,8056,2042,,ff.144v-163r,Ant. Brumel (spätere Hand),,241,,Agnus III fehlt,1,4,1,1,1,1,0
214,8056,2068,,ff. 1v-29r,,Victime,295,,Agnus II & III fehlen,1,4,1,1,1,1,0
215,8056,2115,,ff.179v-193r,,Victime paschali laudes imolent xpiani (Missa de Victime paschali),216,,vermutl. vollst.,1,4,1,1,1,1,1
216,8056,,1007,[Nr.5],Brumel,Uictime pascali,,,,1,4,1,1,1,1,1
217,8073,2028,,,,Brumel sup lome arme,,,vermutl. vollst.,1,,0,0,0,0,0
218,8073,2108,,ff.199v-212r,Brumel,,,,vermutl. vollst.,1,,0,0,0,0,0
219,8073,2042,,ff.109r-125r,<anon>,<untitled>,,,vermutl. vollst.,1,,0,0,0,0,0
220,8073,2096,,ff.191v-203r,Antoine brumel,,,,vermutl. vollst.,1,,0,0,0,0,0
221,8073,2115,,,,Lome lome (Missa de lomme arme),,,vermutl. vollst.,1,,0,0,0,0,0
222,8073,,1007,[Nr.4],Brumel,Lomme arme,,,,1,4,1,1,1,1,1
223,8073,2107,,Nr.10,,,,,,1,,0,0,0,0,0
224,8037,2045,,S.121-136,<anon>,,,,,1,4,1,0,1,0,0
225,8037,2031,,Nr.21,,,,,vermutl. vollst.,1,,0,0,0,0,0
226,8037,2081,,Nr.6,<anon>,,,,vermutl. vollst.,1,,0,0,0,0,0
227,8037,2044,,S.46-69,,Officium Leo mermer,,,vermutl. vollst.,1,,0,0,0,0,0
228,8037,2041,,59v-77,,,,,vermutl. vollst.,1,,0,0,0,0,0
229,8037,2108,,227v-240,,,,,vermutl. vollst.,1,,0,0,0,0,0
230,8037,2056,,264v-273,Josquin,,,,vermutl. vollst.,1,,0,0,0,0,0
231,8029,2039,,ff.42v-54r,(Rue de (Note)),(Puer natus est),237,,,1,4,1,1,1,1,1
232,8029,2116,,ff.385v-389v,De la Rue,Puer natus De la Rue,420,,"Nur Teile des Ky, Gloria und Credo",1,,1,1,1,0,0
233,8029,2130,,ff.15r-24r,<anon>,,372,,"Fragmente, Gloria und Teile der anderen Sätze",1,,0,1,0,0,0
234,8029,2080,,ff.174v-187r,<anon>,Puer (Puer nobis XX/C 1111.1),284,,,1,,0,0,0,0,0
235,8029,2050,,ff.45r-58r,<anon>,,407,,Agnus II fehlt und Teile des Kyrie (ausgerissen),1,,1,1,1,1,1
236,8029,2059,,"No.1, ff.1v-4v",Petri Platensis,Symphonia Puer natus PEtri Platensis Symphonistae doctissimi Es Mixolydio autem Dorium fecit,271,,Agnus II fehlt und Teile d. Sanctus,1,,1,1,1,1,1
237,8029,2109,,ff.37v-55v,Rue,Missa de nativitate xpi Rue,262,,Agnus II fehlt (ausgerissen),1,,1,1,1,1,1
238,8029,2023,,ff.241v-252r,P de la Rue,,239,,,1,,0,0,0,0,0
239,8029,2018,,"ff.3v-4r(Ky), 9v-10r(Pleni), 10v-12r(Ag)",<anon>,<ohne>,214,,"Nur Kyrie, Pleni und Agnus Dei",1,,1,0,0,1,1
240,8029,,1008,[No. 2],Petri de la rue,Puer natus,249,,,1,4,1,1,1,1,1
241,8055,2039,,ff. 18v-29r,(Petrus de [note] Rue),De beata virgine (de beata Virgine),236,,vermutl. vollst.,1,4,1,1,1,1,1
242,8055,2130,,fragmente 9-11 / f. 1r-2v,,,370,,"Bindung von MS B 948 IV Biblia Polyglotta, wiederverwendete und getrennte Blätter; große Teile von Disc & Ten des Credo auf zwei ""versos""",1,2,0,0,1,0,0
243,8055,2092,,ff. 23v-25r,,Patrem Cardinal,386,,,1,,0,0,1,0,0
244,8055,2043,,ff.96v-116r,petri de Larue,Missa super coronatum petri de Larue,314,,"vermutl. vollst, aber beschädigt",1,,0,0,0,0,0
245,8055,2036,,ff.100v-103r,Petrus de Larue,Kyrie coronatum,420,,,1,,1,0,0,0,0
246,8055,2097,,64-67,,,383,,,1,,0,0,1,0,0
247,8055,2109,,ff.19v-37r,Rue,Missa de domina Rue,263,,vermutl. vollst.,1,4,1,1,1,1,1
248,8055,2023,,ff. 49v-60r,,Salve sancta parens Kyrieleison (Disc.Test),240,,vermutl. vollst.,1,4,1,1,1,1,1
249,8055,,1008,[No. 1],Petri de la rue,De beata virgine,,,,1,4,1,1,1,1,1
250,8026,2081,,ff. 52v-68,,Missa,,,,1,4,1,1,1,1,1
251,8067,,1009,[no. 5],henrici Jzac,Comme feme,,,,1,4,1,1,1,1,1
252,8067,2073,,fol. 24v-33r,Henricus yzaac,Comme femme desconfortee,,"Agnus III ausgelassen, ""Tertium super primum"" gibt an, dass Ag I gesungen werden soll",,1,4,1,1,1,1,1
253,8067,2119,,"[no. 5], fol. 44v-55",Henrici Izac,Henrici Izac ... Comme feme.,,,nur Discantus,1,1,1,1,1,1,1
254,8067,2106,,fol. 84v-85r,,[Incip] Gracias a vos donzella,,,nur Benedictus,1,4,0,0,0,1,0
255,8067,2131,,fol. 95v-96r,,,,,nur Bendictus,1,4,0,0,0,1,0
256,8034,,1009,[No. 3],henrici Jzac,Quant yay au cor,,,,1,4,1,1,1,1,1
257,8034,2096,,fol. 144v-151,ysac,Missa de ysac (Tabula),,Ky + Agnus ausgelassen,,1,4,0,1,1,1,0
258,8034,2034,,fol. 103-112,,Ut re ut sol fa mi ut re ut,,,"Referenz auf Osanna II fehlt als Musik zu Agnus II; ""Et incarnatus"" als Crucifixus"" textiert",1,4,1,1,1,1,1
259,8034,2121,,fol. 49-57,ysaac,Officium ysaac,,Benedictus,Referenz auf Osanna II fehlt als Musik des gesamten Agnus;,1,4,1,1,1,1,0
260,8034,2042,,fol. 36-50,,,,,Referenz auf Osanna II wie auch Musik zu Agnus II fehlen,1,4,1,1,1,1,1
261,8034,2119,,Nr. 3,Henrici Izac,Henrici Izac ... Quant yay au cor,,,auch hier nur Discantus???,1,,1,1,1,1,1
262,8034,2021,,fol. 42v-51,,,,Agnus fehlt ganz,"Referenz auf Osanna II fehlt als Musik des gesamten Agnus; ""Patrem"" ist mit ""et homo factus est"" textiert; ""Et incarnatus"" mit ""Crucifixus"" unterlegt",1,4,1,1,1,1,0
263,8034,2132,,fol. 45v-54,ysaac,,,,"Referenz auf Osanna II fehlt, Benedictus hat zusätzliche 4. Stimme",1,4,1,1,1,1,1
264,8034,2121,,fol. 153,,,,Et incarnatus,"Untextierte Kopie des ""Et incarnatus"" auf fol. 153",1,4,0,0,1,0,0
265,8034,2127,,fol. 9v-10,Henricus yzac,,,Benedictus 3st.,ohne Text,1,3,0,0,0,1,0
266,8034,2133,,fol. 20v,,Benedictus,,Benedictus 3st.,nur Benedictus,1,3,0,0,0,1,0
267,8034,2089,,No. 9,,,,Benedictus 3st.,"nur Benedictus (3ts.), nur Bass",1,1,0,0,0,1,0
268,8034,2084,,fol. 3v-4,,B [Initiale],,Benedictus 3st.,nur Benedictus,1,3,0,0,0,1,0
269,8034,2082,,fol. 77v-78,Isach,Absque verbis ... Isach,,Benedictus 3st.,nur Benedictus,1,3,0,0,0,1,0
270,8034,2134,,Nr. 190,,Benedictus,,Benedictus 3st.,nur Benedictus,1,3,0,0,0,1,0
271,8034,2106,,fol. 57v-58,ysach,Benedictus,,Benedictus 3st.,nur Benedictus,1,3,0,0,0,1,0
272,8034,2143,,fol. 35,Jsach,Benedictus,,Benedictus 3st.,nur Benedictus,1,3,0,0,0,1,0
273,8034,2122,,f. 22v/-/20-20v/21-21v,,Benedictus,,Benedictus 3st.,nur Benedictus,1,3,0,0,0,1,0
274,8034,2131,,fol. 88v-89,,Benedictus,,Benedictus 3st.,nur Benedictus,1,3,0,0,0,1,0
275,8034,2072,,No. 9,Jsaac,,,Benedictus 3st.,ohne Text,1,3,0,0,0,1,0
276,8034,,1082,fol. 82v-83,Yzac (Index),Benedictus,,"Benedictus, 3st.",,1,3,0,0,0,1,0
277,8034,,1011,Nr. 46,Isaac,Benedictus,,"Benedictus, 3st.",,1,3,0,0,0,1,0
278,8034,,1012,(No. 30),H. Isac [handschriftl. in Jena],Benedictus ... H. Isac [handschriftl in Jena],,"Benedictus, 3st.",,1,3,0,0,0,1,0
279,8034,2135,,fol. (43),,,,"Benedictus, nur Anfang des T","nur Benedictus, 4st. Version (Alt), nur die ersten 15 Noten des Tenors sind erhalten",1,1,0,0,0,1,0
280,8034,2136,,fol. 63v-64,,Absque verbis,,"Benedictus, 4st.","nur Benedictus, mit vierter Stimme (Alt)",1,4,0,0,0,1,0
281,8034,2137,,fol. 17v-18,Isach,Isachina Benedictus,,"Benedictus, 4st.","nur Benedictus, mit vierter Stimme (Alt)",1,4,0,0,0,1,0
282,8034,2138,,fol. 7v-8,,plytzgen,,"Benedictus, 4st.","nur Benedictus, mit vierter Stimme (Alt)",1,4,0,0,0,1,0
283,8034,2112,,fol. 29v-30,,,,"Benedictus, 4st.","nur Benedictus, mit vierter Stimme (Alt)",1,4,0,0,0,1,0
284,8034,2139,,fol. 30v-32r,Isaac,BENEDICTUS. ISAAC,,Benedictus 3st.,"nur Benedictus, Arrangement für Tasteninstr.",1,,0,0,0,1,0
286,8034,2142,,fol. 19v-20,,Benedictus III,,Benedictus 3st.,"nur Benedictus, Arrangement für Laute",1,,0,0,0,1,0
287,8034,2140,,fol 136v-137 (Ten) & 150 (Bass),,Benedictus,,"Benedictus 3st., nur Unterstimmen","nur Benedictus, Arrangement für Laute, transponiert für Viola",1,2,0,0,0,1,0
288,8034,2141,,fol. 86v-87,,Benedictus,,"Benedictus 3st., nur Unterstimmen","nur Benedictus, Arrangement für Laute (nur Ten & Bass-Stimmen)",1,2,0,0,0,1,0
289,8034,,1013,fol. A4-(A5),Jsach,Benedictus de Jsach,,"Benedictus, 3st.",Arrangement für Laute,1,,0,0,0,1,0
290,8034,,1014,fol. piij-piiij´,,Benedictus,,"Benedictus, 3st.",Arrangement für Laute,1,,0,0,0,1,0
291,8034,,1015,p. 46-49 (D) / 39-42 (T),,Benedictus,321,"Benedictus, 3st.",Arrangement für 2 Lauten,1,,0,0,0,1,0
293,8068,2042,,fol. 78r-87r,,,,,,1,4,1,1,1,1,1
294,8068,2039,,fol. 84v-86r,,,,,,1,4,0,0,1,0,0
295,8068,2113,,fol. 55v-59r,,,,,,1,4,0,0,1,0,0
296,8068,2023,,fol. 191v-193r,Yzaac,,,,,1,4,0,0,1,0,0
298,8090,2073,,fol. 11v-24r,[ohne],[ohne],,Kyrie; Gloria: 3 partes; Credo: 5 partes (Qui cum patre: 2 voces); Sanctus (including Pleni: 3 voces; Osanna I; Benedictus: 2 voces; Osanna II); Agnus I; Agnus II: 3 voces; Agnus III.,,1,,1,1,1,1,1
300,8042,2030,, no. 18 f. 89-109 (Diamm),,,,,keine näheren Angaben,1,,0,0,0,0,0
301,8042,2144,,,,,,,NGroveOnline & Diamm,1,,0,0,0,0,0
303,8042,,1017,[no. 2],Philippus Basiron,Messa de franza,,,"NGroveOnline, keine näheren Angaben",1,4,1,1,1,1,1
304,8028,2081,,ff. 1r-12r,anon.,Messe de grant pitié en la procession Y ch,,,"abweichende Lesart, 84 Mensuren aus CS23 fehlen, massive Eingriffe",1,4,1,1,1,1,1
305,8016,2115,,ff. 146v-163r,anonymous,Missa de Angelis,,,,1,4,1,1,1,1,1
306,8016,2017,,ff. 83v-98r,Johannes prioris,Missa de angelis,,,,1,4,1,1,1,1,1
307,8016,2021,,ff. 101v-110v,Johannes Prioris,Missa de Angelis,,,,1,4,1,1,1,1,1
308,8016,2145,,"ff. 80v-84r, 88v-90r",anonymous,[ohne],,"Ky, Gl, Sa",,1,4,1,1,0,1,0
312,8049,2081,,fol. 125v-137r,Pipelare,keine Angabe,,keine Angabe,,1,,0,0,0,0,0
313,8049,2039,,fol. 116v-128r,Pepelare,keine Angabe,,keine Angabe,,1,,0,0,0,0,0
314,8049,2107,,fol. 1v-14r,Anon.,keine Angabe,,keine Angabe,zu zerstört für Konsultation,1,,0,0,0,0,0
315,8049,,1019,pp. 18-70,Pipplare,keine Angabe,,keine Angabe,,1,,0,0,0,0,0
316,8049,,1018,No. IX,keine Angabe,keine Angabe,,keine Angabe,,1,,0,0,0,0,0
317,8038,2041,,fol. 179v-199r,[ohne],[ohne],,[keine Angabe],,1,,0,0,0,0,0
318,8047,2045,,pp. 25-45,[ohne],[Missa] plurimorum carminum,,"Fehlt: mm. 255-277 d. Sanctus; Text ""Agnus die … nobis"" unter Benedictus",,1,,1,1,1,1,1
320,8047,2096,,fol. 136v-143r,Obret,[ohne]/ Index: Missa diversorum tenorum de Obret,,Fehlt: Kyrie & mm.201-277 v. Sanctus,,1,,0,1,1,1,1
321,8047,2146,,fol. 16r-17r,[ohne],[ohne],,Nur Teile v. Credo & Sanctus,Genaue Aufstellung in NOE,1,,0,0,1,1,0
322,8090,2054,,fol. 76v-83r,[ohne],[Missa] Salue diua parens,,Fehlt: Sanctus & Agnus,,1,,1,1,1,0,0
323,8090,2146,,fol. [3r]-[3v],[ohne],[ohne],,"Fragmente v. Pleni, Osanna I, Benedictus & Osanna II",,1,,0,0,0,1,0
324,8090,2085,,fol. 42r,[ohne],Ane cheiss of tua partis (= Qui cum patre),,nur Qui cum patre…,,1,,0,0,1,0,0
325,8090,2115,,fol. 7v-27r,[ohne],Index: Missa de Mi mi alias Salue diua parens,,Fehlt: Qui cum patre,,1,,1,1,1,1,1
326,8090,2015,,No.13,[ohne],[ohne],,"ohne Text, nur Qui cum patre",,1,,0,0,1,0,0
327,8090,2016,,fol. 1v-18r,[ohne],[Missa] Salue diua parens (unter Tenor des Kyrie),,Fehlen: Qui cum patre & Agnus Die III,,1,,1,1,1,1,1
328,8090,,1020,No. 5,obreht,"Salue diua parens (Deckblatt und Altus, Tenor & Bass); Ia. Obreht. Super salue diua parens (Superius)",,vollst.,,1,4,1,1,1,1,1
329,8090,,1012,No. 87,[ohne],[ohne],,[= Pleni sunt],,1,,0,0,0,0,0
330,8090,,1006,p. 33,Iac. Obrecht,Fuga duorum in eadem claue.,,[= Qui cum patre],,1,,0,0,1,0,0
331,8090,,1022,p. 36 (verzählt 39),Iacobi Obrecht,Fuga duorum in unisono,,[= Qui cum patre],,1,,0,0,1,0,0
332,8090,,1049,No. 106,Obrecht.,In vnisono post sesqui tempus.,,[= Qui cum patre],,1,,0,0,1,0,0
333,8090,,1027,p. 257,Iacobi Hobrechthi,Monados in Aeolio primum exeplum Iacobi Hobrechthi,,[= Qui cum patre],,1,,0,0,1,0,0
334,8090,,1063,No. VI,Iacobi Hobrechti,Fuga in vnisono,,[= Qui cum patre],,1,,0,0,1,0,0
335,8090,,1063,fol. 4v,Iacobi Hobrechti,Fuga in vnisono,,[= Qui cum patre],,1,,0,0,1,0,0
336,8058,2108,,fol. 3v-18r,Ockeghem,My my (bei Tenor),,[keine Angabe],,1,,0,0,0,0,0
338,8057,2108,,fol. 89v-96r,J. Ockeghem,Au trauel suy,,[keine Angabe],,1,,0,0,0,0,0
339,8044,2108,,fol. 35v-45r,[ohne],Missa Lomme arme,,[keine Angabe],,1,,0,0,0,0,0
340,8032,2108,,fol. 96v-106r,J. Ockeghem,Missa Cuiusuis tonis,,[keine Angabe],,1,,0,0,0,0,0
341,8032,,1027,p. 455,Okenheim,,,Kyrie I & Benedictus,,1,,1,0,0,1,0
342,8032,,1028,pp. 64-68,Okhenhemius,Exemplum sine titulo,,Kyrie I,,1,,1,0,0,0,0
343,8032,,1029,pp. 59-60 / 61-77,Joh. Ogkekhem,Missa Cuiusvis tonis,,"Kyrie I, Christe & Osanna in Stimmen, ganze Messe in Partitur",,0,,1,1,1,1,1
344,8032,,1030,[keine Angabe],Ogkegkhem,Missa Cuiusvis tonis,,[keine Angabe],,1,,0,0,0,0,0
345,8032,2031,,"No. 8, fol. 53v-58v(Altus), fol. 45v-49v(Bassus)",Okeghem (A) Ochekem (B),Omnium tonorum,,nur Altus & Bassus Stimmbuch,,1,2,0,0,0,0,0
346,8018,2029,,ff. 9-17(S) 10-16(A) 4-10(T) 9-16(B),Josquin,[Missa] Gaudeamus,,,Kompl. Text in Gloria und ersten zwei Sektionen des Credo,1,4,1,1,1,1,1
347,8018,2081,,ff. 82v-97,anon.,[Missa] Gaudeamus,,,Wesentlicher Text in allen Stimmen,1,4,1,1,1,1,1
348,8018,2041,,ff. 200v-219,anon.,[ohne Titel],,Agnus II fehlt,Kompl. Text in allen Stimmen außer 1. Sektion Sanctus und Agnus III,1,4,1,1,1,1,1
349,8018,2063,,ff. 71-72(S),anon.,,,Agnus II,Kompl. Text,1,,0,0,0,0,1
350,8018,2065,,ff. 103v-139,Iosquini,Missa … musici excellentiss[imi]: super Gaudeamus,,,Wesentlicher Text in allen Stimmen,1,4,1,1,1,1,1
351,8018,2019,,ff. 41v-62,Ockeghem,Missa Gaudeamus,,Agnus II fehlt,Kompl. Text in allen Stimmen,1,4,1,1,1,1,1
352,8018,2015,,ff. 10v/10v-11,anon.,,,Agnus II,textlos,1,2,0,0,0,0,1
353,8018,2015,,f. 11v/11v,anon.,,,In nomine,textlos,1,2,0,0,1,0,0
354,8018,2015,,f. 12/12,anon.,,,Benedictus mm. 87-103,textlos,1,2,0,0,0,1,0
355,8018,,1042,no. [3],Josquin,[Missa] super Gaudeamus,,,"Kompl Text in allen Stimmen, außer in Kyrie, Sanctus & Agnus Dei",1,4,1,1,1,1,1
356,8018,,1041,no. [3],Josquin,sup[er] gaudeamus,,,"Kompl Text in allen Stimmen, außer in Kyrie, Sanctus & Agnus Dei",1,4,1,1,1,1,1
357,8018,,1039,no. [3],Josquin,Gaudeamus,,,"Kompl Text in allen Stimmen, außer in Kyrie, Sanctus & Agnus Dei",1,4,1,1,1,1,1
358,8018,,1030,no. III,Iosquin,[Missa] Gaudeamus,,,Kompl. Text in allen Stimmen,1,4,1,1,1,1,1
359,8018,,1027,p. 220,Iodoci Pratensis,,,Benedictus,textlos,1,4,0,0,0,1,0
360,8018,,1006,p. 75,anon.,,,Benedictus mm. 87-103,textlos,1,4,0,0,0,1,0
361,8018,,1022,pp. 89,anon.,,,Benedictus mm. 87-103,textlos,1,4,0,0,0,1,0
362,8018,,1051,ff. 57-63,Iusquin,,,"Osanna, Benedictus, Agnus II & III fehlen",,1,,1,1,1,1,1
363,8018,,1052,ff. 11-11v,Obrecht [=Josquin],Pleni sunt (=In nomine),,,,1,,0,0,1,0,0
364,8018,,1052,f. 11v,Josquin,Benedictus,,,,1,,0,0,0,1,0
365,8018,,1053,f. 84,Iosquin,,,Agnus III,,1,,0,0,0,0,1
366,8019,2093,,ff. 139v-148,Josquin,[ohne Titel],,"kompl. Kyrie, Gloria & Credo, aber nur die 1. Teile von Sanctus & Agnus",Nahezu kompl. Text in allen St.,1,4,1,1,1,1,1
367,8019,2024,,ff. 82v-95,Josquin,[Missa] maleurmebat,,Agnus II fehlt,Wesentlich kompletter Text in allen Stimmen,1,4,1,1,1,1,1
368,8019,2026,,ff. 6v-13 /3v-8,Josquin,[Missa] Malormebat,,"Nur A & T, Agnus II fehlt",Nahezu kompl. Text in beiden St.,1,2,1,1,1,1,1
369,8019,2040,,ff. 59v-73,Josquin des pres,[Missa] malheur me bat,,Agnus II & III fehlen,Kompl. Text in allen Stimmen,1,4,1,1,1,1,1
370,8019,2085,,ff. 41v-42,anon.,Per totium es elevatur tonus,,Agnus II,textlos,1,4,0,0,0,0,1
371,8019,2053,,ff. 1-6,Josquin,[Missa] Malhuer me bat,,"nur T & B , Agnus II & III fehlen",Wesentlich kompletter Text in beiden Stimmen,1,2,1,1,1,1,1
372,8019,2094,,ff. 22v-32,Josquin,[Missa] malheur me bat,,Agnus II & III fehlen,Kompl. Text in allen Stimmen,1,4,1,1,1,1,1
373,8019,2097,,ff. 88-91,anon.,"[Missa] Malheur me bat (in junger Hand, moderne Foliierung)",,Ky & Gl,Wesentlich kompletter Text in allen Stimmen,1,4,1,1,0,0,0
374,8019,2097,,ff. 74v-75,Josquin (in moderner Hand),Agnus die malor me bat (orig. Hand),,Agnus I,Wesentlich kompletter Text in allen Stimmen,1,,0,0,0,0,1
375,8019,2156,,ff. 37v-38,anon.,Malheur me bat,,Agnus II,Incipit in allen Stimmen,1,4,0,0,0,0,1
376,8019,2063,,ff. 73v-74 / 68v-69v,Josquin,,,Pleni sunt,Kompl. Text in jeder Stimme,1,4,0,0,0,1,0
377,8019,2061,,no. 5,Josquin,"""[Missa] super Que est ista""",,Sanctus & Agnus fehlen,Kompl. Text in allen Stimmen,1,4,1,1,1,0,0
378,8019,2078,,ff. 61v-75,Jusquin,[Missa] Mal heur me bat,,,Kompl. Text in allen Stimmen,1,4,1,1,1,1,1
379,8019,2022,,ff. 66v-89v,Josquin,Missa Mahuer me bat,,,"Wesentl. Kompl. Text in allen St., außer textloses Et in spiritum",1,4,1,1,1,1,1
380,8019,2021,,ff. 2-11,Josquin,[Missa] Malheur me bat,,Agnus II & III fehlen,Wesentlich kompletter Text in allen Stimmen,1,4,1,1,1,1,1
381,8019,2015,,ff. 82-82 / 81v-82,anon.,,,Agnus II,textlos,1,4,0,0,0,0,1
382,8019,,1043,no. [3],Josquin,[Missa] Mal heur me bat,,,Kompl. Text in allen Stimmen,1,4,1,1,1,1,1
383,8019,,1027,pp. 451-452,anon.,"Phrygij phrasis ac systema superne semitonio inferne tono adiectus, linic licentia quaesitus",,Agnus II,textlos,1,2,0,0,0,0,1
384,8019,,1006,pp. 78-79,Iosquin,Fuga duorum,,Agnus II,textlos,1,2,0,0,0,0,1
385,8019,,1022,pp. 92-93,Iosquin,Fuga duorum,,Agnus II,textlos,1,2,0,0,0,0,1
386,8019,,1061,no. XVI [16],Iosquin,,,Pleni sunt,"Voller Text ""Quid tam sollicitis…"" in beiden Stimmen",1,2,0,0,0,1,0
387,8019,,1040,no. [3],Josquin,Malheur me bat,,,Kompl. Text in allen Stimmen,1,4,1,1,1,1,1
388,8019,,1035,no. [3],Josquin,Mal heur me bat,,,Kompl. Text in allen Stimmen,1,4,1,1,1,1,1
390,8019,,1062,f. C4v (no. 31),anon.,"Fuga, in ditono infirma chorda",,Agnus II,textlos,1,2,0,0,0,0,1
391,8019,,1063,f. C4v (no. 31),anon.,"Fuga, in ditono infirma chorda",,Agnus II,textlos,1,2,0,0,0,0,1
392,8021,2034,,f. 68v,anon.,,,"Amen d. Credo, S & A",,1,2,0,0,1,0,0
393,8021,2153,,no. 28 [ff. 301v-306],anon.,,,Credo,kompletter Text in allen Stimmen,1,4,0,0,1,0,0
394,8021,2030,,pp. 256-261,Tinctoris (Index),,,Credo,"kompletter Text in S und beiden Duos, Rest partiell textiert",1,4,0,0,1,0,0
395,8021,2054,,f. 168; ff. 230v-231,anon.,,,Amen tertium (Credo) / Jam miseras rex (= Et resurrexit),textloses resp.; kompletter Text der Contrafactur in SAT,1,4,0,0,1,0,0
396,8021,2120,,ff. II 5-6v,anon.,,,"Frag. V. Cr, Sa & Ag",nur Textmarken,1,4,0,0,1,1,1
397,8021,2063,,f. 75 Prima (Bassus); ff. 69-70 Secunda (Altus),Josquin,,,Qui tollis des Gloria,kompletter Text in allen Stimmen,1,4,0,1,0,0,0
398,8021,2144,,ff. 212-214,anon.,,,Gloria,"Kompl. Text in S, fast kompl. in anderen Stimmen",1,4,0,1,0,0,0
399,8021,2115,,ff. 62v-73,anon.,,,,kompletter Text in allen Stimmen,1,4,1,1,1,1,1
400,8021,2019,,ff. 108v-125 (112v blank),anon.,Missa Lamy baudechon,,,"Kompl. Text in SA, TB fast komplett",1,4,1,1,1,1,1
401,8021,2071,,ff. 130v-133,anon.,,,"Ky, Gl und Cr ohne Et resurrexit",Textmarken,1,,1,1,1,0,0
402,8021,,1043,no. [4],Josquin,[Missa] L´ami Baudichon,,,"Kompl. Text in S, andere teilweise",1,4,1,1,1,1,1
403,8021,,1061,no. XLIII (63),I. Obrecht,,,Nur Et incarnatus,Kompl. Text in vorhandenen Stimmen,1,4,0,0,1,0,0
404,8021,,1040,no. [4],Josquin,Lami Baudichon,,,"Kompl. Text in S, andere teilweise",1,4,1,1,1,1,1
405,8021,,1035,no. [4],Josquin,Lami Baudichon,,,"Kompl. Text in S, andere teilweise",1,4,1,1,1,1,1
407,8023,2035,,no. [8],Josquin,Ex missa faisant regretz,,Ky & Cr 1-19 in Patitiur,Nur Incipits,1,4,1,1,0,0,0
408,8023,2040,,ff. 1v-14,Josquin des pres,[Missa] Elizabeth,,,Kompl. Text in allen Stimmen,1,4,1,1,1,1,1
409,8023,2058,,ff. 21v-41,anon.,[ohne Titel],,,Kompl. Text in allen Stimmen,1,4,1,1,1,1,1
410,8023,2078,,ff. lxxxiij´-ciij [83v-103],Jusquini,Missa. Faysans regret,,,Kompl. Text in allen Stimmen,1,4,1,1,1,1,1
411,8023,2104,,ff. 48-52 / 48v-54,anon.,Missa faisant regres,,nur T & B,kompl. Text in beiden Stimmen,1,2,1,1,1,1,1
412,8023,2022,,ff. 90v-108,anon.,Missa Faysant Regretz,,,Kompl. Text in allen Stimmen,1,4,1,1,1,1,1
413,8023,2016,,ff. 33v-47,Josquin des pretz,[Missa] FAisant  Regretz,,,Kompl. Text in allen Stimmen,1,4,1,1,1,1,1
414,8023,,1019,ff. CIIII´-CXIII [54v-64],Josquin,Missa faisant regrets,,,Kompl. Text in allen Stimmen,1,4,1,1,1,1,1
415,8023,,1018,no. [6],Josquin,[Missa] faisant regretz,,,Kompl. Text in allen Stimmen,1,4,1,1,1,1,1
416,8023,,1044,no. [2],Josquin,[Missa] Faysans regres,,,Kompl. Text in allen Stimmen,1,4,1,1,1,1,1
417,8023,,1033,no. [2],Josquin,Faysans regres,,,Kompl. Text in allen Stimmen,1,4,1,1,1,1,1
418,8023,,1057,ff. xcj´-xcii [41v-42],Iosquin,Primera parte de la gloria de la missa Faysant fregres de Iosquin a quatro,,[1. Teil Gloria],Kompl. Text unter Tabulatur,1,4,0,1,0,0,0
419,8023,,1057,ff. xcii-xcii´ [42-42v],Iosquin,Primero kyrie de la missa de Faisan regres de Iosquin,,[1. T. Kyrie],Kompl. Text unter Tabulatur,1,,1,0,0,0,0
420,8023,,1057,f. xcii´ [42v],Iosquin,Postero kyrie de la missa de Faysan regres de Iosquin,,[3. T. Kyrie],Kompl. Text unter Tabulatur,1,,1,0,0,0,0
421,8023,,1058,ff. X´-XII [10v-12],Iosquin,La segunda parte de la gloria de la misa de faysan regres de Iosquin,,[2. T. Gloria],textlos,1,,0,1,0,0,0
422,8023,,1058,ff. XII-XIII [12-13],Iosquin,Pleni de la missa de faysan regres de Iosqin,,[Pleni],textlos,1,,0,0,0,1,0
423,8023,,1059,ff. xxx.vj-xxx.vij [36-37],josquin,Sanctus de josquin de la misa de faissan regres,,[Sanctus],Kompl. Text unter Tabulatur,1,,0,0,0,1,0
424,8023,,1059,ff. xxx.vij-xxxviij [37-38],[josquin],Ossanna de la misma missa,,[Osanna derselben Messe],Kompl. Text unter Tabulatur,1,,0,0,0,1,0
425,8023,,1051,ff. xxxvi-xli [36-41],Iusquin,Otra missa de Iusquin que va sobra fa. re. mi. re.,,Agnus II & III fehlen,Kompl. Text unter Tabulatur,1,,1,1,1,1,1
426,8023,,1053,ff. LXXXV´-LXXXVI [85v-86],Iosquin,"Iosquin, faysan regres. ¶ Et incarnatus est; Esta es ostra parte des credo de la dicha missa",,Et incarnatus & Credo 20-46,textlos,1,,0,0,1,0,0
427,8051,2032,,ff. 138v-157,Josquin des pres,[ohne Titel],,,Wesentl. Kompl. Text in allen St.,1,4,1,1,1,1,1
428,8051,2093,,ff. 7v-14,anon.,[ohne Titel],,"Ky, Gl & Cr komplett, 1. Teil Sa, Ag I",Nahezu kompl. Text in allen St. Außer T,1,4,1,1,1,1,1
429,8051,2041,,ff. 21v-39,anon.,[ohne Titel],,,"Kompl. Text in allem St., außer in Agnus II",1,4,1,1,1,1,1
430,8051,2094,,ff. 82v-88,Josquin,[Missa] La sol fa re mi,,"Ky, Gl, Cr; A & T des 1. Teil Sa",Kompl. Text in allen St. Außer T,1,4,1,1,1,1,0
431,8051,2083,,pp. 376-383,Josquin de Pres,Seguita la Messa de la.sol.fa.re.mi. dell´ detto Josquin des Pres,,,Parzieller Text nur in S,1,4,1,1,1,1,1
432,8051,2063,,ff. 86v-87,Josquin,Agnus [II],,,kompl. Text in beiden Stimmen,1,2,0,0,0,0,1
433,8051,2064,,ff. 95v-118,Josquin,Missa La sol fa re mi resoluta J[ohannes] B[uechmaier],,,Nahezu kompl. Text in allen Stimmen,1,4,1,1,1,1,1
434,8051,2068,,ff. 129v-157,Josquin,Missa La sol fa re mi,,"fehlt: A&B d. Osanna II, mm. 151-162; Ag I, mm. 16-28 und ges. Ag II",Text in den meisten Teilen in allen St. Komplett,1,4,1,1,1,1,1
435,8051,2074,,ff. 71v-92,Josquin,Missa La sol fa re mi,,,Nahezu kompl. In allen St. Außer T,1,4,1,1,1,1,1
436,8051,2107,,ff. 62v-77,anon.,[ohne Titel],,,Nahezu kompl. Text in allen Stimmen,1,4,1,1,1,1,1
437,8051,2019,,ff. 83v-107,Josquin,Missa La sol ma re mj,,,Kompl. Text in allen St. Außer T,1,4,1,1,1,1,1
438,8051,2021,,ff. 194v-195,anon.,[ohne Titel],,Ky & Anfang Gloria,Kompl. Text in allen Stimmen,1,4,1,1,0,0,0
439,8051,2013,,ff. 244v-272,anon.,Missa La sol fa re mi,,Agnus II fehlt,Nahezu kompl. Text in allen Stimmen,1,4,1,1,1,1,1
440,8051,2015,,ff. 10-10v,anon.,,,Agnus II,textlos,1,4,0,0,0,0,1
441,8051,,1042,no. [2],Josquin,[Missa] La.sol.fa.re.mi.,,,"Text in S kompl., weniger in andern St.",1,4,1,1,1,1,1
442,8051,,1041,no. [2],Josquin,La.sol.fa.re.mi.,,,"Text in S kompl., weniger in andern St.",1,4,1,1,1,1,1
443,8051,,1039,no. [2],Josquin,La.sol.fa.re.mi.,,,"Text in S kompl., weniger in andern St.",1,4,1,1,1,1,1
444,8051,,1030,no. 2,Iosquin,[Missa] La sol fa re mi,,,Nahezu kompl. Text in allen Stimmen,1,4,1,1,1,1,1
445,8051,,1060,ff. Kii´-iii´,Josquin,"Missa La sol fa re mi, Osanna II",,,Ohne Text,1,4,0,0,0,1,0
446,8051,,1057,ff. 90-90v,Iosquin,,,(Qui tollis),,1,,0,1,0,0,0
447,8051,,1057,ff. 92v-94,Iosquin,,,Kyrie,,1,,1,0,0,0,0
448,8051,,1058,"Libro segundo, ff. 12v-13v",Iosquin,,,(Benedictus),,1,,0,0,0,1,0
449,8051,,1051,ff. 53-57v,Iusquin,,,"Pleni sunt, Osanna II & Agnus II fehlen",,1,,1,1,1,1,1
450,8051,,1052,ff. 59v-60,Jusquin,,,Sanctus,,1,,0,0,0,1,0
451,8051,,1052,ff. 60-61,Jusquin,,,Pleni sunt,,1,,0,0,0,1,0
452,8053,2024,,ff. 1v-13,anon.,[Missa] Ave maris stella,,,Kompl. Text in allen Stimmen,1,4,1,1,1,1,1
453,8053,2029,,"ff. 17-21 (SAB), 10-16 (T)",Josquin,[Missa] Ave maris stella,,,Kompl. Text in allen Stimmen,1,4,1,1,1,1,1
454,8053,2050,,ff. 18-30,anon.,[ohne Titel],,"S&B von Kyrie I fehlen, Agnus II & III fehlen",Kompl. Text in allen Stimmen,1,4,1,1,1,1,1
455,8053,2040,,ff. 29v-43,Josquin des pres,[Missa] Ave maris stella,,,Kompl. Text in allen Stimmen,1,4,1,1,1,1,1
456,8053,2094,,ff. 72v-82,Jos[quin],[Missa] Ave ma[ris stella],,,Kompl. Text in allen Stimmen,1,4,1,1,1,1,1
457,8053,2157,,no. 2,Josquin,[Missa] Ave maris stella,,,Kompl. Text in allen Stimmen,1,4,1,1,1,1,1
458,8053,2068,,ff. 29v-56,anon.,[ohne Titel],,,Kompl. Text in allen St. Außer in Agnus II,1,4,1,1,1,1,1
459,8053,2078,,ff. 35v-54,Iusquin,[Missa] Ave maris stella,,,Kompl. Text in allen Stimmen,1,4,1,1,1,1,1
460,8053,2107,,ff. 29v-42,anon.,[Missa] Ave maris stella,,,Kompl. Text in allen Stimmen,1,4,1,1,1,1,1
461,8053,2023,,ff. 165v-175,Josquin,[Missa] Ave maris stella,,,Kompl. Text in allen Stimmen,1,4,1,1,1,1,1
462,8053,2022,,ff. 123v-141,Josquin,Missa ave maris stella,,Agnus II fehlt,Kompl. Text in allen Stimmen,1,4,1,1,1,1,1
463,8053,,1043,no. [1],Josquin,[Missa] Ave maris stella,,,Kompl. Text in S; andere St. teilweise textiert,1,4,1,1,1,1,1
464,8053,,1040,no. [1],Josquin,Aue maris stella,,,Kompl. Text in S; andere St. teilweise textiert,1,4,1,1,1,1,1
465,8053,,1035,no. [1],Josquin,Aue maris stella,,,Kompl. Text in S; andere St. teilweise textiert,1,4,1,1,1,1,1
467,8053,,1030,no. 11,Iosquin,[Missa] Ave maris stella,,,Nahezu kompl. Text in allen St.,1,4,1,1,1,1,1
468,8053,,1048,no. 84,Iosquin,,,Agnus II,"Text: ""Diligam te domine fo[r]titudo mea""",1,4,0,0,0,0,1
469,8053,,1049,no. 107,Ioskin,,,Agnus II,"Text: ""Diligam te domine fo[r]titudo mea""",1,4,0,0,0,0,1
470,8053,,1050,p. 73,anon.,,,Benedictus,,1,,0,0,0,1,0
471,8053,,1051,ff. 63v-68,Iusquin,,,"Benedictus, Agnus II & III fehlen",,1,,1,1,1,1,1
472,8053,,1052,f. 12v,Jusquin,,,Agnus (II),,1,,0,0,0,0,1
473,8053,,1052,ff. 44-45,Jusquin,,,Qui tollis,,1,,0,1,0,0,0
474,8053,,1052,ff. 61-61v,Jusquin,,,Agnus (I),,1,,0,0,0,0,1
475,8053,,1053,ff. 75v-76v,Iosquin,Fantasia acomposturada de cierta parta de la missa de Ave maristella,,,,1,,0,0,0,0,0
476,8053,,1053,f. 86v,anon.,"Benedictus (Primerno grado, Duo)",,,,1,,0,0,0,1,0
477,8060,2004,,"13a, ff. 155v-156",[implizit Josquin],Tu solus qui facis mirabilia,,Tu solus … nur prima and secunda partes,"Wesentlicher Text komplett außer in T, dort nur Incipits; Nach Agnus (lt. RISM anstatt Benedictus) die Motette ""Tu solus qui facis mirabilia"" / Benedictus fehlt  ",1,,0,0,0,0,0
478,8060,2137,,ff.79v-80,Josquin,Tu solus qui facis mirabilia,,Tu solus … nur prima and secunda partes,"Kompl. Text in S, A & B, im T nur teilweise/ Motette wird auch als Benedictus & Osanna II verwendet, hier Überlieferung der Variante der Messüberlieferung",1,4,0,0,0,1,0
479,8060,2097,,ff. 14v-15; 15v-19; 25v-26,anon.,,,"Sanctus, Tu solus (prima & secunda)",Wesentlicher Text komplett,1,4,0,0,0,0,0
480,8060,2097,,ff. 15v-19,Josquin,,,"Kyrie, Et in Terra, Patrem",Wesentlicher Text komplett,1,4,1,1,1,0,0
481,8060,2097,,ff. 25v-26,anon.,,,Agnus Die,Wesentlicher Text komplett,1,4,0,0,0,0,1
482,8060,2158,,ff. 45v-46,anon.,Tu solus qui facis mirabilia,,Tu solus … nur prima pars,Wesentlicher Text komplett,1,4,0,0,0,0,0
483,8060,2159,,no. 95,Iosquinus Pratensis,Tu solus qui facis mirabilia,,Tu solus… nur S & A,kompl. Text in beiden Stimmen,1,2,0,0,0,0,0
484,8060,2131,,ff. lxxx-lxxxi,anon.,O mater dei,,"Kontrafact v. Tu solus, pr. & sec. Pars, S&T bei pr. Fehlen",Incipit in allen Stimmen,1,,0,0,0,0,0
485,8060,,1043,no. [6],Josquin,[Missa] Dung aultre amer.,,,"Wesentl. Kompl. Text außer T, dort nur Incipits",1,4,1,1,1,1,1
486,8060,,1054,ff. 57v-59,Josquin,Tu solus que facis mirabilis,,,voll textiert,1,,0,0,0,0,0
487,8060,,1040,no. [6],Josquin,Dung aultre amer.,,,"Wesentl. Kompl. Text außer T, dort nur Incipits",1,4,1,1,1,1,1
488,8060,,1055,ff. 25v-26,anon.,O mater dei & hominis.,,Kontrafaktur von Tu solus...,voll textiert,1,,0,0,0,0,0
491,8024,2151,,f. 59v,anon.,,,Gloria S mm. 1-38,textlos,1,1,0,1,0,0,0
492,8024,2033,,ff. 114v-131,Iosquini,Missa Coronata,,Agnus II fehlt,Kompl. Text in allen Stimmen,1,4,1,1,1,1,1
493,8024,2033,,ff. 381v-382,anon.,,,Kyrie II in leicht abgewandelter Version von 115v-116,Textiert in allen Stimmen,1,4,1,0,0,0,0
494,8024,2091,,"ff. 56-57v (A), (57-58v (T)",anon.,,,Kyrie & Gloria,Kompl. Text in erhaltenen Stimmen,1,,1,1,0,0,0
495,8024,2093,,ff. 15v-18,anon.,,,Credo,Kompl. Text in allen Stimmen,1,4,0,0,1,0,0
496,8024,2092,,ff. 133-135,anon.,,,Gloria (mm. 1-127 von S & T fehlen),Kompl. Text in allen Stimmen,1,4,0,1,0,0,0
497,8024,2152,,"ff. 6a (T), 6b (B)",anon.,,,Credo,Kompl. Text in erhaltenen Stimmen,1,2,0,0,1,0,0
498,8024,2027,,f. 33v (T),anon.,,,Cum sancto spiritu,Textincipit,1,,0,1,0,0,0
499,8024,2088,,"ff. 94v-96v (S), 91v-93v (T)",Josquin,,,Kyrie & Gloria,Kompl. Text in erhaltenen Stimmen,1,2,1,1,0,0,0
500,8024,2088,,ff. 116-119 (T),Josquin,,,"Credo, Sanctus & Agnus Die",Kompl. Text in erhaltenen Stimmen,1,1,0,0,1,1,1
501,8024,2086,,"ff. 41-42v (S), 42v-43v (A), 36v-38 (T), 41v-43v (B)",Josquin (index),,,Kyrie & Gloria (in T nur mm. 1-156),Kompl. Text in allen Stimmen,1,4,1,1,0,0,0
502,8024,2087,,"ff. 10-12v (S), 8v-12 (A), 5v-9 (T), 8v-11 (B)",Josquin,[Missa] De beata virgine,,"S fehlt im Credo, in mm.30-153 von Sanctus & Agnus; A & T fehlen in Credo & Agnus, B fehlt im Credo",Fast kompl. Text in allen Stimmen,1,4,1,1,1,1,1
503,8024,2080,,ff. 232v-250,anon.,Missa beate Marie,,,Kompl. Text in allen Stimmen,1,4,1,1,1,1,1
504,8024,2081,,ff. 198-218,Jossequin des Prez,[ohne Titel],,Teile in Reihenfolge KSAGC,Kompl. Text in allen Stimmen,1,4,1,1,1,1,1
505,8024,2079,,f. 141,Josquin de Pres,,,Cum sancto spiritu,Textincipit,1,4,0,1,0,0,0
506,8024,2046,,"ff. 57v-58 (S), 52-52v (A), 58-58v (T), 54-54v (B)",Josquin,,,Cum sancto spiritu,Kompl. Text in allen Stimmen,1,4,0,1,0,0,0
507,8024,2047,,no. [52] (T),Josqu,,,Cum sancto spiritu,Kompl. Text in erhaltenen Stimmen,1,,0,1,0,0,0
508,8024,2048,,"ff. 17v-23 (S), 27v-33 (A), 24-29v (T), 27-32v (B)",Josquin,,,Kyrie & Gloria (ohne 2. Sektion),Kompl. Text in allen Stimmen,1,2,1,1,0,0,0
509,8024,2049,,no. [1] (S2),anon.,,,"Credo, Sanctus & Agnus Die",Kompl. Text in erhaltenen Stimmen,1,,0,0,1,1,1
510,8024,2036,,ff. 94v-100,Josquin de Pres,[Missa] Cotonatum,,Kyrie & Gloria,Kompl. Text in allen Stimmen,1,4,1,1,0,0,0
511,8024,2051,,no. 1 (SB),Josquin,,,Cum sancto spiritu,Textincipit,1,,0,1,0,0,0
512,8024,2037,,ff. 61v-77,Josquin des Pres,[Missa] De nostra domina,,Agnus II fehlt,Kompl. Text in allen Stimmen,1,4,1,1,1,1,1
513,8024,2038,,ff. 93v-98,Iosquin des Pres,,,Credo,Kompl. Text in allen Stimmen,1,4,0,0,1,0,0
514,8024,2052,,"f. 144 (S), 139 (A), 113 (T), 140-141v (B)",anon.,,,Cum sancto spiritu,Kompl. Text nur in S,1,4,0,1,0,0,0
515,8024,2094,,ff. 11v-22,Josquin,[Missa] De nostra dona,,,Kompl. Text in allen Stimmen,1,4,1,1,1,1,1
516,8024,2097,,ff. 92v-95,Jusquin Depres,,,Credo,Kompl. Text in allen Stimmen,1,4,0,0,1,0,0
517,8024,2099,,ff. 173v-178,Josquin,,,Credo,Kompl. Text in allen Stimmen,1,4,0,0,1,0,0
518,8024,2058,,ff. 1v-23,anon.,[ohne Titel],,,Kompl. Text in allen Stimmen,1,4,1,1,1,1,1
519,8024,2057,,ff. 42v-71,Josquin de Press,Missa De beata virgine,,,Kompl. Text in allen Stimmen,1,4,1,1,1,1,1
520,8024,2060,,"ff. 67-78 (T), 157-166v (B)",Iosquin,Missa Coronata,,Agnus II fehlt,Kompl. Text in erhaltenen Stimmen,1,2,1,1,1,1,1
521,8024,2061,,no. [3],Josquini,Missa De beata virgine,,Kyrie & Gloria (ohne 2. Sektion),Kompl. Text in allen Stimmen,1,4,1,1,0,0,0
522,8024,2062,,"section 2, no. 6",Iosquin,Missa super De beata virgine,,,,1,4,1,1,1,1,1
523,8024,2068,,ff. 57v-84,anon.,[ohne Titel],,,Kompl. Text in allen Stimmen,1,4,1,1,1,1,1
524,8024,2076,,ff. 1v-20,Josquin,[ohne Titel],,Agnus III fehlt,Kompl. Text in allen Stimmen,1,4,1,1,1,1,1
525,8024,2077,,ff. 23v-45,Josquin des Pres,Missa De domina,,,Kompl. Text in allen Stimmen,1,4,1,1,1,1,1
526,8024,2160,,ff. 106v-111,anon.,,,Credo,Kompl. Text in allen Stimmen,1,4,0,0,1,0,0
527,8024,2122,,"ff. 34-34v (S), 31v-32 (A), 33(B)",anon.,,,Cum sancto spiritu,Nur Textincipit,1,3,0,1,0,0,0
528,8024,2122,,"f. 40v (S), 39v (B)",anon.,,,Agnus II,Nur Textincipit,1,2,0,0,0,0,1
529,8024,2118,,ff. 97v-108,anon.,[ohne Titel],,Agnus II & III fehlen,textlos,1,4,1,1,1,1,1
530,8024,2117,,ff. 1v-10,anon.,[ohne Titel],,,Text nur in S & T des Kyrie,1,,1,1,1,1,1
531,8024,2154,,ff. 74v-90,Josquin,[Missa] De nostra domina,,,Kompl. Text in allen Stimmen,1,4,1,1,1,1,1
532,8024,2101,,ff. 33-48,anon.,[ohne Titel],,"S & T d. Kyrie I und Christe vermisst, Agnus II fehlt",Kompl. Text in allen Stimmen,1,4,1,1,1,1,1
533,8024,2022,,ff. 23v-46,Josquin,Missa De domina,,,Kompl. Text in allen Stimmen,1,4,1,1,1,1,1
534,8024,2070,,ff. 76v-88,Petri de Larue,Missa Coronata,,"Kyrie, Gloria & Credo",Kompl. Text in allen Stimmen,1,4,1,1,1,0,0
535,8024,2070,,ff. 113v-119,Iosquini,,,Sanctus Summum and Agnus die I/III,Kompl. Text in allen Stimmen,1,,0,0,0,1,1
536,8024,2069,,ff. 1v-27,Iosquin de Press,[ohne Titel],,Agnus II fehlt,Kompl. Text in allen Stimmen,1,4,1,1,1,1,1
537,8024,2147,,f. 6-6v,Josquini,,,Gloria mm. 107-127,textlos,1,,0,1,0,0,0
538,8024,2148,,ff. 24-25,Ioss Quin,,,Cum sancto spiritu,,1,,0,1,0,0,0
539,8024,2140,,f. 111,anon.,,,Cum sancto spiritu,,1,,0,1,0,0,0
540,8024,2140,,f. 114v,anon.,,,Cum sancto spiritu,,1,,0,1,0,0,0
541,8024,2140,,f. 125v,anon.,,,Cum sancto spiritu,,1,,0,1,0,0,0
542,8024,2140,,f. 148v,anon.,,,Cum sancto spiritu,,1,,0,1,0,0,0
543,8024,2149,,pp. 19-21,Josquini,,,Cum sancto spiritu,,1,,0,1,0,0,0
544,8024,2149,,pp. 242-243,Josquin,,,Cum sancto spiritu,,1,,0,1,0,0,0
545,8024,2150,,no. [24],anon.,,,Agnus II,,1,,0,0,0,0,1
546,8024,2105,,ff. 1v-15,Josquin des Prez,[Missa] De domina nostra,,,"Kompl. Text in allen Stimmen, aber Tropus im Gloria gelöscht",1,4,1,1,1,1,1
548,8024,2161,,ff. 73v-74,anon.,,,Cum sancto spiritu,,1,,0,1,0,0,0
549,8024,,1019,ff. 114v-129,Josquin,[Missa] De beata virgine,,,Kompl. Text in allen Stimmen,1,4,1,1,1,1,1
550,8024,,1046,p. 36 (ST),Iusquin,,,Agnus II,Textincipit,1,2,0,0,0,0,1
551,8024,,1047,p. 34 (ST),Iusquin,,,Agnus II,Textincipit,1,2,0,0,0,0,1
552,8024,,1018,,Josquin,[Missa] De beata virgine,,,Kompl. Text in allen Stimmen,1,4,1,1,1,1,1
553,8024,,1044,[no. 5],Josquin,[Missa] De beata virgine,,,Kompl. Text in allen Stimmen,1,4,1,1,1,1,1
555,8024,,1030,,Iosquin,[Missa] De beata virgine,,,Kompl. Text in allen Stimmen,1,4,1,1,1,1,1
556,8024,,1048,,Iosquin,,,Agnus II,kompl. Text in beiden Stimmen,1,2,0,0,0,0,1
557,8024,,1027,p. 305,Iodocus a Prato,,,Agnus II,kompl. Text in beiden Stimmen,1,2,0,0,0,0,1
558,8024,,1027,pp. 392-401,Iod.,,,Gloria,Kompl. Text in allen Stimmen,1,4,0,1,0,0,0
559,8024,,1064,pp. 101-102,anon.,,,(Cum sancto spiritu),,1,,0,1,0,0,0
560,8024,,1065,f. 68-68v,Jusquin,,,Cum sancto spiritu,,1,,0,1,0,0,0
561,8024,,1065,ff. 103-104,Jusquin,,,Cum sancto spiritu,,1,,0,1,0,0,0
562,8024,,1057,ff. 73v-77,Iosquin,,,Credo (ohne 3. Teil),,1,,0,0,1,0,0
563,8024,,1066,pp. 207-210,Iosquin,,,Cum sancto spiritu,,1,,0,1,0,0,0
564,8024,,1058,"Lib. Segundo, ff.4-5",Iosquin,,,Kyrie I,,1,,1,0,0,0,0
565,8024,,1058,"Lib. Segundo, ff. 22-23v",Josquin,,,Cum sancto spiritu,,1,,0,1,0,0,0
566,8024,,1067,Z4-Aa1,Joss Quin,,,Cum sancto spiritu,,1,,0,1,0,0,0
567,8024,,1068,f. 31v,Josquin de Pres,,,Cum sancto spiritu,,1,,0,1,0,0,0
568,8024,,1050,p- 57,anon.,,,Cum sancto spiritu,,1,,0,1,0,0,0
569,8024,,1051,ff. 68-73,Jusquin,,,"Osanna, Benedictus, Agnus II & III fehlen",,1,,1,1,1,1,1
570,8024,,1052,ff. 42v-43v,Jusquin,,,Et in terra,,1,,0,1,0,0,0
571,8024,,1053,ff. 51v-52,Josquin,,,Patrem omnipotentem,,1,,0,0,1,0,0
572,8024,,1053,ff. 73v-74,Josquin,,,Fantasia remedada al chiri postrero,,1,,1,0,0,0,0
573,8024,,1053,f. 85,Josquin,,,Cum sancto spiritu,,1,,0,1,0,0,0
574,8024,,1069,f. 33,Jusquin,,,Cum sancto spiritu,,1,,0,1,0,0,0
575,8024,,1069,f. 54,Jusquin,,,Kyrie I,,1,,1,0,0,0,0
576,8024,,1069,f. 54v,[Jusquin],,,Kyrie II,,1,,1,0,0,0,0
577,8072,2042,,"No. 5, fol. 67r-73r",anon.,Missa [ad Fugam],,Zonder [ohne] Credo,"Sanctus, Benedic. & Agnus weichen stark ab",1,,1,1,0,1,1
578,8072,,1044,[no. 3],Josquin,[Missa] Ad fugam,,,,1,,1,1,1,1,0
579,8072,,1033,[no. 3],Josquin,Ad fugam,,,,1,4,1,1,1,1,0
582,8052,2098,,fol. 114v-127r,Iosquin,[Missa] fortuna desperata,,,"Vollst. Text im S, außer im Patrem; teilweise textierter T, sonst nur Incipits",1,4,1,1,1,1,1
583,8052,2019,,fol. 63v-83r,Josquin,Missa Fortuna desperata,,,"Nahezu kompl. Text in allen St., außer im T bei präsentem C.f.",1,4,1,1,1,1,1
584,8052,2056,,fol. 172v-178r (neue Foliierung),anon.,[ohne Titel],,,Nur Incipits oder textlos,1,4,1,1,1,1,1
585,8052,,1028,p. 245-252,Jodoci Pratensis,Aliud exemplum canonice augmentationis Jodoci Pratensis,,Agnus,"Incipits in T & B, sonst textlos",1,,0,0,0,0,1
586,8052,,1027,p. 388-391,Iodoco Prat.,Lydii Hypolydiique connexorum exemplum Jodoco Prat. Authore.,,Agnus,Vollst. Text in a. St.,1,,0,0,0,0,1
587,8052,,1030,no. IIII,Iosquin,[Missa] Super Fortuna desperata,,,Kompl. Text in allen St.,1,4,1,1,1,1,1
588,8052,,1012,no. 10,anon.,,,Pleni sunt coeli,textlos,1,,0,0,0,1,0
589,8052,,1071,no. II,Josquin,Fortuna,,,Kompl. Text in allen St.,1,4,1,1,1,1,1
590,8052,,1041,no. [4],Josquin,fortuna de sperata,,,Kompl. Text in allen St.,1,4,1,1,1,1,1
591,8052,,1039,no. [4],Josquin,Fortuna desperata,,,Kompl. Text in allen St.,1,4,1,1,1,1,1
592,8052,,1042,no. [4],Josquin,[Missa] Fortuna desperata,,,Kompl. Text in allen St.,1,4,1,1,1,1,1
595,8050,,1041,no. [5],Josquin,Lomme arme. Sexti toni,,,,1,4,1,1,1,1,1
596,8050,,1039,no. [5],Josquin,Lomme arme. Sexti toni,,,,1,4,1,1,1,1,1
598,8050,,1073,no. [5],Josquin,Lomme arme. Sexti toni,,Bass-Stimmbuch nicht erhalten,,1,3,1,1,1,1,1
599,8050,,1042,no. [5],Josquin,Lomme arme. Sexti toni,,,,1,4,1,1,1,1,1
600,8050,,1022,p. 64,Josquini,"Exemplum Josquini ex l´homme armé sexti toni, in quo altera in ordine semibrevis ad ultimam brevem imperficiendam transfertur",,"Kyrie III, nur T",,1,1,1,0,0,0,0
601,8050,,1006,p. 156-158,Josquini,Exemplum Sexti toni. Fuga ad minimam Josquini in l´homme armé sexti toni,,Agnus III,,1,,0,0,0,0,1
602,8050,,1027,p. 220,Iocodi Pratensis,Benedictus,,Benedictus T. 1-10,,1,,0,0,0,1,0
603,8050,,1074,no. 1,Josquin,,,,,1,4,1,1,1,1,1
604,8050,,1028,p. 18,Josquini,Ex Lome arme Josquini,,Benedictus T. 1-10,,1,,0,0,0,1,0
605,8050,,1028,p. 234,,Kyrie ultimum,,"T. 65-74, nur T&B; Kyrie III",,1,2,1,0,0,0,0
606,8050,2053,,"T fol. 12v-16r, B fol. 13v-17r",Josquini,Lomme arme VI toni,,,,1,,1,1,1,1,1
607,8050,2095,,fol. 135v-141r,Josquin,Missa L´homme armé sexti toni,,"Nur Gl, Cr & Sa",,1,,0,1,1,1,0
608,8050,2108,,fol. 191v-199r,Josquyn,Missa Lomme armé,,"Nur Ky, Gl, Cr",,1,,1,1,1,0,0
609,8050,2066,,fol. 75v-90r,anon.,Missa L´homme armé,,unvollst.,,1,,0,0,0,0,0
610,8050,2019,,fol. 23v-41r,Josquin,Missa L´homme armé,,,,1,,0,0,0,0,0
611,8096,2029,,no. 1,Josquin,,,,,1,,0,0,0,0,0
612,8096,2162,,fol. 86v-87r,Josquin,,,Agnus Dei II,,1,,0,0,0,0,1
613,8096,2041,,no. 1,anon.,,,,,1,,0,0,0,0,0
614,8096,2098,,"no. 8, 127v-142r",Josquin,,,,,1,,0,0,0,0,0
615,8096,2155,,"1, 3v-29r",Josquin des Prez,,,,"Mit einer 5. Stimme im Agnus III, Johannes Abbate zugeschrieben",1,,1,1,1,1,1
616,8096,2154,,"no. 4, 125v-142r",Jos,,,,,1,,0,0,0,0,0
617,8096,2019,,"1, fol. 1v-22r",Josquin des Prés,,,,,1,,0,0,0,0,0
618,8096,,1041,no. [1],Josquin,Lomme arme. Super voces musicales,,,,1,4,1,1,1,1,1
620,8096,,1039,no. [1],Josquin,Lomme arme. Super voces musicales,,,,1,4,1,1,1,1,1
621,8096,,1073,no. [1],Josquin,Lomme arme. Super voces musicales,,Bass-Stimmbuch nicht erhalten,,1,3,1,1,1,1,1
622,8096,,1042,no. [1],Josquin,Lomme arme. Super voces musicales,,,,1,4,1,1,1,1,1
623,8096,,1071,V,Josquin,L´ame armé super voces musicales,,,,1,,0,0,0,0,0
624,8096,,1030,I,Iosquin,L´omme armé super voces musicales,,,,1,4,1,1,1,1,1
625,8096,,1081,O2r,anon.,,,Benedictus,,1,,0,0,0,1,0
626,8096,,1022,p. 103,Josquini,"Exemplum Tertii modi, per C cum Ɔ, Duo in unum",,Benedictus,,1,,0,0,0,1,0
627,8096,,1006,p. 86,Josquini,"Exemplum Tertii modi, per Ɔ. Duo in unum",,Benedictus,,1,,0,0,0,1,0
628,8096,,1006,p. 90,Iosquini,"ex Lomme arme Iosquini. Fuga trium vocum ex unica, quarum prima Proportionatum valorem: Altera Diminutum: tertia Intregrum canit",,Agnus Dei II,,1,,0,0,0,0,1
629,8096,,1006,p. 125-126,Josquini,Exemplum: primum Kyrie ex l´homme armé,,"Kyrie I, nur T & B",,1,,1,0,0,0,0
630,8096,,1022,p. 126,Josquini,Exemplum: Christe eleyson ex Missa l´homme armé,,"Christe, nur T & B",,1,,1,0,0,0,0
631,8096,,1006,p. 160-161,Josquini,,,Osanna,,1,,0,0,0,1,0
632,8096,,1027,pag. 442,Jusquini,,,Qui venit,,1,,0,0,0,1,0
633,8096,,1027,pag. 442-443,Jodoci,"Ex una voce tres, ex eiusdem Jodoci Missa l´home armé super voces musicales",,Agnus Dei II,,1,,0,0,0,0,1
634,8096,,1075,Y1r-Y1v,Josquini,Aliud exemplum Iosquini,,Christe eleison,,1,,1,0,0,0,0
635,8096,,1075,M1v-M2r,Iosquini,Sequitur exemplum Iosquini. Gaudet cum gaudentibus,,osanna,,1,,0,0,0,1,0
636,8096,,1075,T1v,Josquini,,,Agnus Dei II,,1,3,0,0,0,0,1
637,8096,,1076,H8r-I3r,anon.,Gaudet cum gaudentibus,,osanna,,1,,0,0,0,1,0
638,8096,,1076,I4r-I4v,Josquini,Exemplum ex Missa Josquini L´omme armé,,"Sanctus, nur T mit Resolutio",,1,1,0,0,0,1,0
639,8096,,1076,k2v-k4v,Iosquini,Exemplum Iosquini,,Christe eleison,,1,,1,0,0,0,0
640,8096,,1062,No. 13,Jodoci Pratensis,Triados ex unica,,Agnus Dei II,,1,,0,0,0,0,1
641,8046,2124,,no. XIII,Io martini,Missa ferialis Io martini,,,,1,4,1,0,0,1,1
642,8046,2115,,fols. 202v-208,,,,,,1,,1,0,0,1,1
643,8046,,1003,S fols. 14v-15v; A 49v-51; T 31v-32; B 68-69,Josquin,Missa ferialis,,,,1,4,1,0,0,1,1
644,8096,,1063,No. 11,Jodoci Pratensis,Triados ex unica,,Agnus Dei II,,1,,0,0,0,0,1
645,8002,,1078,50,,,,,,1,,0,0,0,0,0
646,8003,,1078,"46,48, 55, 56",,,,,,1,,0,0,0,0,0
647,8003,,1079,139,,,,,,1,,0,0,0,0,0
648,8003,2173,,fol. 12v,,,,,,1,,0,0,0,0,0
649,8005,,1078,55-56,,,,,,1,,0,0,0,0,0
650,8009,,1079,156,,,,,,1,,0,0,0,0,0
651,8010,,1078,"49, 55, 60",,,,,,1,,0,0,0,0,0
652,8010,2173,,fol. 12v & 18r​,,,,,,1,,0,0,0,0,0
653,8011,,1078,55,,,,,,1,,0,0,0,0,0
654,8014,,1078,49,,,,,,1,,0,0,0,0,0
655,8080,2173,,fol. 19r,,,,,,1,,0,0,0,0,0
656,8080,,1079,156,,,,,,1,,0,0,0,0,0
657,8080,,1078,46,,,,,,1,,0,0,0,0,0
658,8086,2173,,fol. 12v,,,,,,1,,0,0,0,0,0
659,8020,,1006,,Alexan. Agricolae,"""Fuga duorum Temporum in Diatessaron Alexan. Agricolae""",,Christe I 2st. ohne Text,,1,2,1,0,0,0,0
660,8056,,1006,63,Brumelij,"Exemplum Brumelij, in quo quinta Longa a prima in ordine Brevi imperfecitur",,"(=Christe, nur Tenor)",,1,,1,0,0,0,0
661,8056,,1028,S. 159-61,Anthonij Brumelij,Exemplum Modi minoris perfecti cum pausa Indicali Anthonij Brumelij ex Missa Victime Paschali,,"(=Et in spiritum Sanctum meas. 1-8, Sup. & Ten)",,1,,0,0,0,0,0
662,8056,,1028,S. 231-33,Anthonij Brumelij,Primum Exemplum Modale Antonij Brumelij ex Missa Victime Paschali,,"(=Christe, Ten & Bs)",,1,,1,0,0,0,0
663,8034,,1006,p. 60-61,,"Exemplum Prolationis Maioris integrae, diminutae & Proportionatae",,Kyrie II,,1,,1,0,0,0,0
664,8034,,1027,p. 216-217,,"Exemplum ... Integra Prolatio, Diminuta ..., Propotionata...",,Kyrie II,,1,,1,0,0,0,0
665,8034,,1028,p. 173-179,,"Exemplum Temporis perfecti, Integri Diminuti ac Proportionati",,Kyrie II,,1,,1,0,0,0,0
666,8034,2162,,fol. 6v-7,,"Exemplum Prolationis Maioris integrae, diminutae & Proportionatae",,Kyrie II,,1,,1,0,0,0,0
667,8050,2042,,"No. 14, 199v-211r",Josquin des Prez,,,,,1,,1,1,1,1,1
668,8050,2132,,"No. 2, 11v-18v",Josquin Dupres,,,,,1,,1,1,1,1,1
669,8050,2083,,p. 384,Josquin,,,,,1,,0,0,0,0,0
670,8050,2145,,"No. 15, 91v-100r",Josquin de pres,,,,,1,,1,1,1,1,1
671,8050,2116,,"No. 28, 373r-384r",anon.,,,,,1,,1,1,1,1,1
672,8050,2120,,"III, No. 3",anon.,,,Fragmente,,1,,0,0,0,0,0
673,8052,2073,,ff. 1-10v,anon.,[ohne Titel],,Sup. & Ten. des ges. Kyrie sowie A & B des Agnus III fehlen,Nahezu kompl. Text in allen St.,1,4,1,1,1,1,1
674,8052,2067,,ff. 69-70v,Josquin,Exemplum alternationis Josquini fortuna,,Kyrie I,Textlos,1,4,1,0,0,0,0
675,8052,2118,,ff. 87v-96,anon.,[ohne Titel],,,Meist textlos; voller Text in S & T d. Et in terra,1,4,1,1,1,1,1
676,8052,,1060,ff. Piij´-[Piiij],Iosquin,Exemplum augmentationis Iosquini ex Missa. Fortuna,,Christe,textlos,1,,1,0,0,0,0
677,8052,,1051,ff. lii-lii´,Iusquin,Missa de fortuna desesperata,,Benedictus,textlos,1,,0,0,0,1,0
678,8052,,1052,ff. xviii´-xix,Jusquin,Benedictus qui venit,,,textlos,1,,0,0,0,1,0
679,8052,,1051,ff. lxxiii´-lxxiv,Iusquin,,,Pleni sunt,textlos,1,,0,0,0,1,0
680,8072,2040,,"No. 8, 105v-115r",Josquin,Missa diatessaron,,,,1,4,1,1,1,1,1
681,8072,,1019,"No. 11, 129v-140r",Josquin,,,,,1,,1,1,1,1,1
682,8072,,1051,"No. 60, 41r-45v",Jusquin,,,Agnus II fehlt,,1,,1,1,1,1,1
683,8072,,1053,"No. 126, 84v",Josquin,,,Cum sancto spiritu,,1,,0,1,0,0,0
684,8072,,1006,p. 88,anon.,Sequitur exemplum variarum Diminuituinum,,Benedictus,,1,,0,0,0,1,0
685,8072,,1022,p. 105-106,anon.,Sequitur exemplum variarum Diminuituinum,,Benedictus,,1,,0,0,0,1,0
686,8072,,1027,p- 216,,,,Benedictus,,1,,0,0,0,1,0
687,8050,,1006,p. 64,,,,Kyrie III,,1,,1,0,0,0,0
689,8018,,1073,no. [3],Josquin,super gaudeamus,,Bass-Stimmbuch nicht erhalten,,1,3,1,1,1,1,1
690,8051,,1073,no. [2],Josquin,La.sol.fa.re.mi.,,Bass-Stimmbuch nicht erhalten,,1,3,1,1,1,1,1
691,8052,,1073,no. [4],Josquin,fortuna desperata,,Bass-Stimmbuch nicht erhalten,,1,3,1,1,1,1,1
692,8024,,1033,[no. 5],Josquin,De beata virgine,,,,1,4,1,1,1,1,1
693,8060,,1035,no. [6],Josquin,Dung aultre amer.,,,"Wesentl. Kompl. Text außer T, dort nur Incipits",1,4,1,1,1,1,1
694,8050,,1022,p. 156-158,Josquini,Exemplum Sexti toni. Fuga ad minimam Josquini in l´homme armé sexti toni,,Agnus III,,1,,0,0,0,0,1
695,8050,,1028,pp. 156-58,Josquini,,,,,1,,0,0,0,0,0
696,8050,,1006,p. 12,anon.,Fuga in Subdiapente,,Benedictus,,1,,0,0,0,1,0
697,8050,,1022,p. 12,anon.,Fuga in Subdiapente,,Benedictus,,1,,0,0,0,1,0
698,8050,2163,,"No. 33, 53v-55v",anon.,,,Et resurrexit,,1,,0,0,1,0,0
699,8096,,1051,"No. 61, 46r-51v",Jusquin,Missa de super boze musicales,,Osanna fehlt,,1,,1,1,1,1,1
700,8096,,1022,p. 125,Josquini,Exemplum: primum Kyrie ex l´homme armé,,"Kyrie I, nur T & B",,1,,1,0,0,0,0
701,8096,,1060,Q4r-Q4v,,,,Kyrie I,,1,,1,0,0,0,0
702,8096,,1081,H3v-H4r,anon.,,,Kyrie I,,1,,1,0,0,0,0
703,8096,,1028,pp. 336-37,Iosquini,,,Kyrie I,,1,,1,0,0,0,0
704,8096,,1060,Q4v-R1v,,,,Christe eleison,,1,,0,0,0,0,0
705,8096,,1081,H4v-I1r,anon.,,,Kyrie II,,1,,1,0,0,0,0
706,8096,,1081,K2r-K4v,anon.,,,Et in terra,,1,,0,1,0,0,0
707,8096,,1052,"No. 64, 61v-63v",Josquin,,,Patrem,,1,,0,0,1,0,0
708,8096,,1060,M1v-M3r,,,,Sanctus,,1,,0,0,0,1,0
709,8096,,1081,N3r-Nv,anon.,,,Sanctus,,1,,0,0,0,1,0
710,8096,,1060,K4v-L1v,,,,Pleni,,1,,0,0,0,1,0
711,8096,,1052,"No. 25, 20r-v",Josquin,,,Pleni,,1,,0,0,0,1,0
712,8096,,1022,pp. 159-60,Iosquini,"Sequitur exemplum Septimi Toni Iosquini, ex Lhomme arme",,Osanna,,1,,0,0,0,1,0
713,8096,,1081,Dd3v-Ee1r,anon.,,,Osanna,,1,,0,0,0,1,0
714,8096,,1065,"No. 85, 96v-99r",Jusquin,,,Osanna,,1,,0,0,0,1,0
715,8096,,1065,"no. 86, 98v-99r",Jusquin,,,Benedictus,,1,,0,0,0,0,0
716,8096,,1022,p. 103,Josquini,Exemplum Secundi modi per [cut circle] cum [cut c].,,Qui venit,,1,,0,0,0,1,0
717,8096,,1006,p. 86,Josquini,"Exemplum Secundi modi per [cut circle, cut c].",,Qui venit,,1,,0,0,0,1,0
718,8096,,1060,L1v,,,,Qui venit,,1,,0,0,0,1,0
719,8096,,1022,p. 103,Josquini,Exemplum primi modi per C cum C2. Duo in unum,,In nomine,,1,,0,0,0,1,0
720,8096,,1006,p. 85,Josquini,Exemplum primi modi per C2. Duo in unum,,In nomine,,1,,0,0,0,1,0
721,8096,,1027,p. 442-443,Iodoci Pratensi,,,In nomine,,1,,0,0,0,1,0
722,8096,,1081,Ee1r-Ee3r,anon.,,,Qui tollis,,1,,0,0,0,0,1
723,8096,,1022,p. 112,Iosquini,Fuga trium. ex Lhomme arme Iosquini,,Agnus Dei II,,1,,0,0,0,0,1
724,8096,,1060,T1v-T2r,,,,Agnus Dei II,,1,,0,0,0,0,1
725,8096,,1081,Ff3v,anon.,,,Agnus Dei II,,1,,0,0,0,0,1
726,8096,,1081,Cc3v,anon.,,,Agnus Dei III,,1,,0,0,0,0,1
727,8096,,1065,"No. 84, 91v",Jusquin,,,Agnus Dei III,"Textiert mit ""Clama ne cesses""",1,,0,0,0,0,1
728,8096,,1053,"No. 7, 3v",Josquin,,,Agnus Dei III,,1,,0,0,0,0,1
729,8096,2050,,1r-17r,anon.,,,unvollst.,,1,,0,0,0,0,0
731,8096,2164,,"no. 25, 59v-67v",anon.,,,,,1,,0,0,0,0,0
732,8096,2064,,no. 10,,,,,,1,,0,0,0,0,0
733,8096,2073,,"no. 6, 52v-55r",anon.,,,"unvollst, nur Kyrie & Agnus III",,1,,1,0,0,0,1
734,8096,2078,,"no. 3, 4v-35r",Jusquin,,,,,1,,0,0,0,0,0
735,8096,2083,,no. 274,,,,,,1,,0,0,0,0,0
736,8096,2093,,"no. 13, 131v-138r",anon.,,,,,1,,0,0,0,0,0
737,8096,2093,,148v-150r,anon.,,,,,1,,0,0,0,0,0
738,8096,2117,,10v-17r,Josquin des Pres,,,,,1,,0,0,0,0,0
739,8096,2085,,42v,Josquini,,,Agnus Dei II,,1,,0,0,0,0,1
740,8096,2097,,49v-50r,anon.,,,Agnus Dei II,,1,,0,0,0,0,1
742,8096,2165,,"no. 16, 43v-47r",Jusquin,super vo,,Agnus Dei III,,1,,0,0,0,0,1
743,8096,2166,,3. hinzugefügtes folio,anon.,Agnus voi clamo ne cesses,,Agnus Dei III,,1,,0,0,0,0,1
744,8108,2019,,ff. 130v-135,Josquin des pres,,,,Kompl. Text in allen St.,1,4,0,0,1,0,0
745,8108,2107,,ff. 250v-253,anon.,[ohne Titel],,,Kompl. Text in allen St.,1,4,0,0,1,0,0
747,8108,2167,,ff. 205v-216,A:B.,[ohne Titel],,,Kompl. Text in allen St.,1,4,0,0,1,0,0
748,8108,,1003,"ff. 13v-14, 49-49v, 30v-31, 67v-68",Josquin,Ciaschun me crie,,,"Kompl. Text in S, wesentl. Text in Unterst. komplett",1,4,0,0,1,0,0
750,8115,,1003,"ff. 11v-12, 46v-47, 28v-29, 65v-66",Josquin,Patrem: De tous bien,,,"Kompl. Text in S, A & B; incipits im T ""Factorem celi et terre"", ""Et incarnatus est de spiritu sancto"" & ""Qui cum patre et filio""",1,4,0,0,1,0,0
751,8116,,1003,"ff. 10v-11v, 45v-46v, 28-28v, 64v-65",Josquin,Patrem: La bella se sied,,,"Kompl. Text in S & T, Strichmarken in A & B",1,4,0,0,1,0,0
752,8113,2169,,ff. 21-22v,anon.,Patrem,,Nur B erhalten,Kompl. Text,1,1,0,0,1,0,0
753,8113,2168,,ff. [53v-55],anon.,[ohne Titel],,,Kompl. Text in allen St.,1,4,0,0,1,0,0
754,8113,2167,,ff. 182v-192,Antho: Brumel,[ohne Titel],,,Kompl. Text in allen St.,1,4,0,0,1,0,0
755,8113,2019,,ff. 125v-130,Josquin des pres,[ohne Titel],,,Wesentl. Text in allen St.,1,4,0,0,1,0,0
756,8113,,1003,"ff. 13-13v, 48-48v, 30-30v, 67",Eiusdem [i.e. Josquin],Patrem: Vilayge,,,Wesentl. Text in allen St.,1,4,0,0,1,0,0
757,8105,2115,,,,,,,,1,,0,0,1,0,0
758,8107,2115,,,,,,,,1,,0,0,1,0,0
760,8110,2023,,fol. 89v-94r,Alexander Agricola,[ohne],,,Teil der Missa Paschalis,1,4,0,0,1,0,0
761,8033,2115,,fol. 1v-7r,[anonym],,,,,1,,1,1,0,0,0
762,8034,,1006,p. 68-69,,"Aliud exemplum Temporis Perfecti, integri, Diminuti & proportionati",,Kyrie II,,1,,1,0,0,0,0
763,8034,,1022,p. 68-69,,"Exemplum Prolationis Maioris integrae, diminutae & Proportionatae",,Kyrie II,,1,,1,0,0,0,0
764,8034,,1022,p. 74-75,,"Exemplum Temporis Perfecti, integri, Diminuti, & Proportionati",,Kyrie II,,1,,1,0,0,0,0
765,8034,,1027,p. 216-217,,"Exemplum ... Tempus integrum, Diminutum, Proportionatum",,Kyrie II,,1,,1,0,0,0,0
766,8034,,1028,p. 196-199,,Exemplum Prolationis Maioris integrae Diminutae & Proportionatae,,Kyrie II,,1,,1,0,0,0,0
767,8034,2149,,p. 244-246,,finitur benedictus (am Schluss),307,Benedictus 3st.,"nur Benedictus, Arrangement für Tasteninstr.",1,,0,0,0,1,0
768,8034,2170,,fol. 21-22,,Benedictus,,Benedictus 3st.,,1,3,0,0,0,1,0
769,8034,2170,,fol. 55-55v,,Tenor e contra de Benedictus,,Benedictus 3st.,,1,2,0,0,0,1,0
770,8034,2171,,fol. 5,Jsaac,Missa re mi fa sol la Jsaac 4or Vocum,,Nur Inventarnachweis,,1,,0,0,0,0,0
771,8034,,1066,p. ?,,Benedictus,,"Benedictus, 3st.",Arrangement für Laute,1,,0,0,0,1,0
772,8022,,1083,,Robertus de feuin,Le vilayn ialoys,,,,1,4,1,1,1,1,1
773,8002,2144,,,,,,,,1,,0,0,0,0,0
774,8003,2120,,,,,,,,1,,0,0,0,0,0
775,8006,2123,,,,,,,,1,,0,0,0,0,0
776,8010,2151,,,,,,,,1,,0,0,0,0,0
777,8103,2030,,"S. 160-165, fol. 80v-83r",,"(Patrem dominicale [Index, schwer lesbar])",,,,1,,0,0,1,0,0
778,8122,2172,,"1, f. 3-13",De Orto,l´omearme,430,,,1,4,1,1,1,1,1
780,8122,,1084,3,de Orto,Lomme arme.,,,,1,4,1,1,1,1,1
