idKonkordanz,Werk,Titel,Bezeichnung,QuellenTyp,Quelle,Quellen_Index,Datierung,Stimmzahl,Kyrie,Gloria,Credo,Sanctus,Agnus
1,8097,Kyrie paschali,anonym,Kernkorpus,VatS 14,"1, 3v-5r",,4,1,0,0,0,0
2,8098,Kyrie tempore paschali,anonym,Kernkorpus,VatS 14,"2, 5v-6r",,4,1,0,0,0,0
3,8099,Missa [de beata virgine],Wreede,Kernkorpus,VatS 14,"3, 6v-10r",,4,1,1,0,0,0
4,8001,Missa Ave Regina caelorum,Weerbeke,Kernkorpus,VatS 14,"5, 14v-27r",,4,1,1,1,1,1
5,8002,Missa Se la face ay pale,Dufay,Kernkorpus,VatS 14,"6, 27v-38r",,4,1,1,1,1,1
6,8003,Missa Spiritus almus,de Dormarto,Kernkorpus,VatS 14,"7, 38v-47r",,4,1,1,1,1,1
7,8004,Missa Aeterne rex altissime,Vincenet,Kernkorpus,VatS 14,"8, 47v-56r",,4,1,1,1,1,1
8,8005,Missa Dixerunt discipuli,Eloy,Kernkorpus,VatS 14,"9, 56v-65r",,5,1,1,1,1,1
9,8006,Missa sine nomine,anonym,Kernkorpus,VatS 14,"10, 65v-75r",,4,1,1,1,1,1
10,8007,Missa Ecce ancilla domini,Dufay,Kernkorpus,VatS 14,"11, 76v-86r",,4,1,1,1,1,1
11,8008,Missa Ecce ancilla domini,Regis,Kernkorpus,VatS 14,"12, 87v-101r",,4,1,1,1,1,1
12,8009,Missa L´homme armé,Dufay,Kernkorpus,VatS 14,"13, 101v-103r, 103v-105r",,4,1,1,0,0,0
13,8010,Missa L´homme armé,Busnoys,Kernkorpus,VatS 14,"14, 106v-117r",,4,1,1,1,1,1
14,8011,Missa Dum sacrum misterim / L´homme armé,Regis,Kernkorpus,VatS 14,"15, 117v-127r",,4,1,1,1,1,1
15,8012,Missa L´homme armé,Caron,Kernkorpus,VatS 14,"16, 127v-138r",,4,1,1,1,1,1
16,8013,Missa L´homme armé,Faugues,Kernkorpus,VatS 14,"17, 138v-149r",,3,1,1,1,1,1
17,8014,Missa De plus en plus,Ockeghem,Kernkorpus,VatS 14,"18, 149v-160r",,4,1,1,1,1,1
18,8015,Missa Puis que je vis,anonym,Kernkorpus,VatS 14,"19, 160v-170r",,4,1,1,1,1,1
19,8096,Missa L´homme armé super voces,Josquin,Kernkorpus,VatS 197,1,,4,1,1,1,1,1
20,8016,Missa de Angelis,Prioris,Kernkorpus,VatS 23,"1, ff. 6r-27r",,4,1,1,1,1,1
21,8017,Missa Je ne demande,Agricola,Kernkorpus,VatS 23,2,,4,1,1,1,1,1
22,8018,Missa Gaudeamus,Josquin,Kernkorpus,VatS 23,"3, ff. 46v-60",,4,1,1,1,1,1
23,8019,Missa Malheur me bat,Josquin,Kernkorpus,VatS 23,"4, ff. 61v-75",,4,1,1,1,1,1
24,8020,Missa Le Serviteur,Agricola,Kernkorpus,VatS 23,5,,4,1,1,1,1,1
25,8021,Missa L´ami baudichon,Josquin,Kernkorpus,VatS 23,6 / ff. 96-105v,,4,1,1,1,1,1
26,8022,Missa Le villain jalloux,Fevin,Kernkorpus,VatS 23,7,,4,1,1,1,1,1
27,8023,Missa Faisant regret,Josquin,Kernkorpus,VatS 23,"8, ff. 118v-128",,4,1,1,1,1,1
28,8024,Missa De beata virgine,Josquin,Kernkorpus,VatS 23,"9, ff. 129v-132",,4,0,0,1,0,0
29,8024,Missa De beata virgine,Josquin,Kernkorpus,VatS 23,"10, ff. 135v-139",,4,0,1,0,0,0
30,8026,Missa Quarti Toni,Fresneau,Kernkorpus,VatS 23,13,,4,1,1,1,1,1
31,8027,Missa Dominicalis,Brumel,Kernkorpus,VatS 23,14,,4,1,1,1,1,0
32,8028,Missa Tant bel mi sont pensade,Prioris,Kernkorpus,VatS 23,15,,4,1,1,1,1,1
33,8029,Missa Puer natus,de la Rue,Kernkorpus,VatS 23,"16, ff.208v-218r",,4,1,1,1,1,1
34,8030,Missa Ave maris stella,anonym,Kernkorpus,VatS 23,17,,,1,0,0,0,0
35,8031,Missa A qui diralle sa pensée,anonym,Kernkorpus,VatS 23,18,,4,1,1,1,1,1
36,8010,Missa L´homme armé,Busnoys,Kernkorpus,VatS 63,1,,4,1,1,1,1,1
37,8057,Missa Au travail suis,Ockeghem,Kernkorpus,VatS 63,"2, fol. 12v-18r",,4,1,1,1,1,1
38,8058,Missa Quarti Toni [=Mi Mi?],Ockeghem,Kernkorpus,VatS 63,"3, fol. 18v-28r",,4,1,1,1,1,1
39,8094,Missa [Sine nomine],anonym,Kernkorpus,VatS 63,4,,4,1,1,1,1,1
40,8095,Missa [De Feria],anonym,Kernkorpus,VatS 63,13,,4,1,0,0,1,1
41,8001,Missa Ave Regina caelorum,Weerbeke,Handschrift,UppsU 76e,no fol.,1525,1,1,1,1,1,1
47,8032,Missa Cujusvis toni,Ockeghem,Kernkorpus,VatS 35,"4, fol. 11v-20r",,4,1,1,1,1,1
48,8033,Kyrie-Gloria De beata virgine,anonym,Kernkorpus,VatS 35,"5, 23v-28",,4,1,1,0,0,0
49,8034,Missa Quant j´ay au ceur,Isaac,Kernkorpus,VatS 35,"6, 28v-37",,4,1,1,1,1,1
50,8035,Missa La martinelle,Martini,Kernkorpus,VatS 35,7; fols. 38v-52,,4,1,1,1,1,1
51,8036,Missa Allez regrets,Prioris,Kernkorpus,VatS 35,"8, 52v-62",,4,1,1,1,1,1
52,8037,Missa L´homme armé,Compere,Kernkorpus,VatS 35,"9, 62v-70",,4,1,1,1,1,1
53,8038,Missa de Sancto Donatiano,Obrecht,Kernkorpus,VatS 35,"10, fol. 71v-85r (laut falscher Zählung 49v-63r)",,4,1,1,1,1,1
54,8039,Missa L´homme armé,Tinctoris,Kernkorpus,VatS 35,"11, 85v-104",,4,1,1,1,1,1
55,8040,Missa [ad fugam],Orto,Kernkorpus,VatS 35,"12, 104v-110",,3,1,1,0,1,1
56,8041,Missa L´homme armé,Basiron,Kernkorpus,VatS 35,"13, 110v-122",,4,1,1,1,1,1
57,8042,Missa de Franza,Basiron,Kernkorpus,VatS 35,"15, 124v-135",,4,1,1,1,1,1
58,8043,Missa Se mieulx ne vient,Weerbeke,Kernkorpus,VatS 35,"16, 137v-148",,4,1,1,1,1,1
59,8044,Missa L´homme armé,Ockeghem,Kernkorpus,VatS 35,"17, 148v-158",,4,1,1,1,1,1
60,8045,Missa Princesse d´amourettes,Weerbeke,Kernkorpus,VatS 35,"18, 158v-170",,4,1,1,1,1,1
61,8046,Missa de feria,Martini,Kernkorpus,VatS 35,"19, fols. 170v-176",,4,1,0,0,1,1
62,8047,Missa Plurimorum carminum I,Obrecht,Kernkorpus,VatS 35,"20, fol. 176v-178r",,4,1,0,0,1,0
63,8048,Missa Gentilz gallans,Pintelli,Kernkorpus,VatS 41,1,,4,1,1,1,1,1
64,8049,Missa L´homme armé,Pipelare,Kernkorpus,VatS 41,"2, fol. 15v-27r",,4,1,1,1,1,1
65,8050,Missa L´homme armé sexti toni,Josquin,Kernkorpus,VatS 41,3,,4,1,1,1,1,1
66,8051,Missa La sol fa re mi,Josquin,Kernkorpus,VatS 41,"4, ff. 38v-49",,4,1,1,1,1,1
67,8052,Missa Fortuna,Josquin,Kernkorpus,VatS 41,"5, fol. 50v-61r",,4,1,1,1,1,1
68,8053,Missa Ave maris stella,Josquin,Kernkorpus,VatS 41,"6, ff. 62v-72",,4,1,1,1,1,1
69,8071,Missa Elle est bien malade,anonym,Kernkorpus,VatS 41,7,,2,1,0,0,0,0
70,8055,Missa De beata virgine,de la Rue,Kernkorpus,VatS 41,8,,4,1,1,1,1,1
71,8056,Missa Victime,Brumel,Kernkorpus,VatS 41,9,,4,1,1,1,1,1
72,8057,Missa Au travail suis,Ockeghem,Kernkorpus,VatS 41,"10, fol. 54v-63r",,4,1,1,1,1,1
73,8058,Missa Quarti Toni [=Mi Mi?],Ockeghem,Kernkorpus,VatS 41,11,,4,1,1,1,1,1
74,8059,Missa Da pacem domine,Pasquin,Kernkorpus,VatS 41,12,,4,1,1,1,1,1
75,8060,Missa D´ung aultre amer,Josquin,Kernkorpus,VatS 41,"13, ff. Cxlviiii´-Clv",,4,1,1,1,1,1
76,8061,Missa Trop penser,Weerbeke,Kernkorpus,VatS 41,14,,4,1,1,1,1,1
77,8062,Missa Du bon du ceur,Vaqueras,Kernkorpus,VatS 49,"1, fol. 2v-13",,4,1,1,1,1,1
78,8063,Missa [Adieu madame],anonym,Kernkorpus,VatS 49,"2, f. 13v-22",,4,1,1,1,1,1
79,8064,Missa L´homme armé,Vaqueras,Kernkorpus,VatS 49,"3, fol. 23v-35",,4,1,1,1,1,1
80,8009,Missa L´homme armé,Dufay,Kernkorpus,VatS 49,"4, 36v-55r",,4,1,1,1,1,1
81,8066,Missa [Sine nomine],anonym,Kernkorpus,VatS 49,"5, f. 56v-68",,4,1,1,1,1,1
82,8067,Missa Comme femme,Isaac,Kernkorpus,VatS 49,"6, f. 69v-83",,4,1,1,1,1,1
83,8068,Missa T´meiskin,Isaac,Kernkorpus,VatS 49,"7, f. 84v-93",,4,1,1,1,1,1
84,8069,Missa *,Hilanas,Kernkorpus,VatS 49,"9, f. 98v-109",,4,1,1,1,1,1
85,8070,Missa Ave maris stella,anonym,Kernkorpus,VatS 49,"10, f. 110v-119",,4,1,1,1,1,1
86,8071,Missa Elle est bien malade,anonym,Kernkorpus,VatS 49,"11, f. 120v-128",,4,1,1,1,1,1
87,8072,Missa ad fugam,Josquin,Kernkorpus,VatS 49,"12, 129v-140r",,4,1,1,1,1,1
88,8073,Missa L´homme armé,Brumel,Kernkorpus,VatS 49,"13, f.144v-148r",,4,1,1,0,0,0
89,8074,Missa Acueilly m´a la belle,Caron,Kernkorpus,VatS 51,"2, 6v-17r",,4,1,1,1,1,1
90,8075,Missa Pour quoy,Heyns,Kernkorpus,VatS 51,"3, 18v-27r",,4,1,1,1,1,1
91,8076,Missa O gloriosa,Vincenet,Kernkorpus,VatS 51,"4, 27v-36r",,4,1,1,1,1,1
92,8077,Missa Et super novem dealabor,de Clibano,Kernkorpus,VatS 51,"5, 37v-46r",,4,1,1,1,1,1
93,8078,Missa Jesus autem transiens,Caron,Kernkorpus,VatS 51,"6, 46v-55r",,4,1,1,1,1,1
94,8079,Missa Basse danse,Faugues,Kernkorpus,VatS 51,"7, 55v-68r",,4,1,1,1,1,1
95,8080,Missa Vinnus vina,Faugues,Kernkorpus,VatS 51,"8, 68v-81r",,4,1,1,1,1,1
96,8081,Missa Sanguis sanctorum,Caron,Kernkorpus,VatS 51,"9, 81v-88r",,4,1,1,1,1,0
97,8082,Missa L´ardant désir,anonym,Kernkorpus,VatS 51,"10, 90v-104r",,4,1,1,1,1,1
98,8083,Missa O Crux lignum triumphale,Busnoys,Kernkorpus,VatS 51,"11, 104v-113r",,4,1,1,1,1,1
99,8084,Missa D´ung aultre amer,anonym,Kernkorpus,VatS 51,"12, 113v-122r",,4,1,1,1,1,1
100,8085,Missa Regina caeli,Basiron,Kernkorpus,VatS 51,"13, 123v-132r",,4,1,1,1,1,1
101,8086,Missa O venus bant,Weerbeke,Kernkorpus,VatS 51,"14, 132v-145r",,4,1,1,1,1,1
102,8087,Missa Orsus orsus,Martini,Kernkorpus,VatS 51,"15, 145v-155r",,4,1,1,1,1,1
103,8088,Missa Cela sans plus,Martini,Kernkorpus,VatS 51,"16, 155v-165r",,4,1,1,1,1,1
104,8089,Missa Je ne demande,anonym,Kernkorpus,VatS 51,"17, 165v-176r",,4,1,1,1,1,1
105,8090,Missa Salve diva parens,Obrecht,Kernkorpus,VatS 51,"24, fol. 196v-215r",,,1,1,1,1,1
106,8001,Missa Ave Regina caelorum,Weerbeke,Ausgabe,G 450,[Nr. 1],1507,4,1,1,1,1,1
125,8001,Missa Ave Regina caelorum,Weerbeke,Handschrift,MilD 2,"36, f. 160v-76",1495,4,1,1,1,1,1
126,8100,Gloria [de beata virgine],anonym,Kernkorpus,VatS 14,"4, 10v-13r",,4,0,1,0,0,0
127,8002,Missa Se la face ay pale,Dufay,Handschrift,TrentC 88,97v-106r,1462,4,1,1,1,1,1
128,8003,Missa Spiritus almus,de Dormarto,Handschrift,TrentC 88,fol. 401v-410r,1462,4,1,1,1,1,1
129,8003,Missa Spiritus almus,de Dormarto,Handschrift,LucAS 238,fol. 11v-17r,1483,4,1,1,0,1,1
131,8003,Missa Spiritus almus,de Dormarto,Handschrift,ModE M.1.13,10,1481,4,1,1,1,1,1
132,8007,Missa Ecce ancilla domini,Dufay,Handschrift,BrusBR 5557,fol. 50v-61r,1469,,1,1,1,1,1
133,8008,Missa Ecce ancilla domini,Regis,Handschrift,BrusBR 5557,fol. 124v-138r,1469,,1,1,1,1,1
134,8009,Missa L´homme armé,Dufay,Handschrift,LucAS 238,fol. 45r-46v,1483,,0,0,0,1,1
135,8009,Missa L´homme armé,Dufay,Handschrift,EdinNL 5.1.15,fol. 26v-42r,1523,4,1,1,1,1,1
136,8010,Missa L´homme armé,Busnoys,Handschrift,VatSM 26,fol. 154v-172r,1518,4,1,1,1,1,1
137,8010,Missa L´homme armé,Busnoys,Handschrift,VatC 234,fol. 213v-227r,1500,4,1,1,1,1,1
138,8010,Missa L´homme armé,Busnoys,Handschrift,VerBC 761,fol. 101v-112r,1512,4,1,1,1,1,1
139,8010,Missa L´homme armé,Busnoys,Handschrift,ModAS s.s.,,1481,,0,0,0,0,1
140,8012,Missa L´homme armé,Caron,Handschrift,VatSP B80,fol. 99v-113r,1487,4,1,1,1,1,1
141,8013,Missa L´homme armé,Faugues,Handschrift,VerBC 761,fol. 112v-123r,1512,3,1,1,1,1,1
142,8013,Missa L´homme armé,Faugues,Handschrift,ModE M.1.13,fol. 176v-192r,1481,3,1,1,1,1,1
143,8014,Missa De plus en plus,Ockeghem,Handschrift,VatC 234,fol. 75v-87r,1500,4,1,1,1,1,1
144,8075,Missa Pour quoy,Heyns,Handschrift,LucAS 238,fol. 47r/v,1483,3,0,0,0,1,0
145,8075,Missa Pour quoy,Heyns,Handschrift,BrusBR 5557,fol. 99v-109r,1469,4,1,1,1,1,1
146,8076,Missa O gloriosa,Vincenet,Handschrift,TrentC 91,fol. 73v-82r,1470,4,1,1,1,1,1
147,8101,Credo,anonym,Kernkorpus,VatS 51,"1, 2v-5r",,4,0,0,1,0,0
148,8102,Gloria [de beata Virgine],anonym,Kernkorpus,VatS 51,"18, 176v-178r",,4,0,1,0,0,0
149,8103,Credo [de Village],de Clibano,Kernkorpus,VatS 51,"19, 178v-180r",,4,0,0,1,0,0
150,8104,Credo [De tous bien],Weerbeke,Kernkorpus,VatS 51,"20, 180v-183r",,4,0,0,1,0,0
151,8105,Credo I,Vaqueras,Kernkorpus,VatS 51,"21, 183v-187r",,5,0,0,1,0,0
152,8106,Credo,anonym,Kernkorpus,VatS 51,"22, 187v-190r",,4,0,0,1,0,0
153,8107,Credo IV,Vaqueras,Kernkorpus,VatS 51,"23, 190v-195r",,,0,0,1,0,0
154,8079,Missa Basse danse,Faugues,Handschrift,TrentC 91,fol. 13v-24r,1470,4,1,1,1,1,1
155,8081,Missa Sanguis sanctorum,Caron,Handschrift,VerBC 755,fol. 36v-43r(43v),1477,4,1,1,1,1,0
156,8084,Missa D´ung aultre amer,anonym,Handschrift,VerBC 755,44r-53r,1477,4,1,1,1,1,1
157,8084,Missa D´ung aultre amer,anonym,Handschrift,VatSP B80,49v-61r,1487,4,1,1,1,1,1
158,8085,Missa Regina caeli,Basiron,Handschrift,VerBC 761,fol. 123v-132r,1512,4,1,1,0,1,1
160,8086,Missa O venus bant,Weerbeke,Ausgabe,G 450,[Nr. 2],1507,4,1,1,1,1,1
161,8086,Missa O venus bant,Weerbeke,Handschrift,VerBC 755,fol. 63v-66r,1477,4,1,1,0,0,0
162,8086,Missa O venus bant,Weerbeke,Handschrift,ModE M.1.13,17,1481,4,1,1,1,1,1
163,8086,Missa O venus bant,Weerbeke,Handschrift,BerlS 40021,fol. 23v-29r,1492,4,1,1,1,1,1
164,8086,Missa O venus bant,Weerbeke,Handschrift,VatSM 26,fol. 97v-119r,1518,4,1,1,1,1,1
165,8086,Missa O venus bant,Weerbeke,Handschrift,WarU 2016,"fol. 120v-122v, 123v-130r",1500,4,1,1,1,1,0
167,8086,Missa O venus bant,Weerbeke,Handschrift,HRadKM 7,fol. 262-272; fol. 442-423,1500,4,0,0,1,1,1
168,8086,Missa O venus bant,Weerbeke,Handschrift,UppsU 76e,f.[68-76v],1525,1,1,1,1,1,1
169,8086,Missa O venus bant,Weerbeke,Handschrift,LeipU 1494,fol. 165-166v,1497,,0,0,1,0,0
170,8086,Missa O venus bant,Weerbeke,Handschrift,FlorBN BR 229,fol. 147[145]v-148r,1492,,0,0,0,1,0
171,8087,Missa Orsus orsus,Martini,Handschrift,ModE M.1.13,1,1481,4,1,1,1,1,1
172,8087,Missa Orsus orsus,Martini,Handschrift,VerBC 755,fol. 85v-95r,1477,4,1,1,1,1,1
173,8087,Missa Orsus orsus,Martini,Handschrift,VerBC 761,fol. 89v-101r,1512,4,1,1,1,1,1
174,8087,Missa Orsus orsus,Martini,Handschrift,JenaU 32,fol. 220v-233r,1497,4,1,1,1,1,1
175,8087,Missa Orsus orsus,Martini,Handschrift,LucAS 238,fol. 48v,1483,,1,0,0,0,0
177,8103,Credo [de Village],de Clibano,Handschrift,MunBS 3154,fol. 78v-80r,1488,4,0,0,1,0,0
178,8103,Credo [de Village],de Clibano,Handschrift,VerBC 761,fol. 217v-220r,1512,4,0,0,1,0,0
179,8103,Credo [de Village],de Clibano,Ausgabe,1505/1,"fol. 8, 26, 43, 62",1505,4,0,0,1,0,0
180,8103,Credo [de Village],de Clibano,Handschrift,TrentC 89,fol. 404v-408r,1470,4,0,0,1,0,0
181,8104,Credo [De tous bien],Weerbeke,Handschrift,VerBC 761,fol. 217v-220r,1512,4,0,0,1,0,0
182,8104,Credo [De tous bien],Weerbeke,Ausgabe,1505/1,"fol. 17, 33, 53, 71",1505,4,0,0,1,0,0
183,8108,Credo Chascun me crie,Josquin,Kernkorpus,VatS 23,"11, ff. 90v-95",1500,4,0,0,1,0,0
184,8113,Credo Vilayge II,Josquin,Kernkorpus,VatS 23,"12, ff. 145v-150",1500,4,0,0,1,0,0
185,8047,Missa Plurimorum carminum I,Obrecht,Kernkorpus,VatS 35,"23, f. 184v-186",1493,4,0,0,0,1,0
186,8040,Missa [ad fugam],Orto,Kernkorpus,VatS 35,206v-208,1493,3,0,0,1,0,0
187,8109,Credo (a cinque),Orto,Kernkorpus,VatS 35,"27, f. 200v-203",,5,0,0,1,0,0
190,8110,Credo Je ne vis oncques II,Agricola,Kernkorpus,VatS 41,"15, 175v-180r",1494,4,0,0,1,0,0
191,8116,Credo La belle se siet,Josquin,Kernkorpus,VatS 41,"16, 181v-184",1494,4,0,0,1,0,0
192,8115,Credo De tous biens playne,Josquin,Kernkorpus,VatS 41,"17, 185v-187",1494,4,0,0,1,0,0
193,8112,Kyrie de feria,anonym,Kernkorpus,VatS 63,12,1493,4,1,0,0,0,0
194,8043,Missa Se mieulx ne vient,Weerbeke,Handschrift,LeipU 1494,"LeipU 1494, f.204v-212",1497,4,0,0,0,0,0
195,8043,Missa Se mieulx ne vient,Weerbeke,Handschrift,UppsU 76e,"UppsU 76e, f.[93v-102]",1525,,0,0,0,0,0
199,8043,Missa Se mieulx ne vient,Weerbeke,Ausgabe,G 450,[Nr. 5],1507,4,1,1,1,1,1
200,8045,Missa Princesse d´amourettes,Weerbeke,Handschrift,JenaU 31,"JenaU 31, f.163v-182",1492,,0,0,0,0,0
201,8045,Missa Princesse d´amourettes,Weerbeke,Handschrift,VienNB 1783,"VienNB 1783, f.33v-48",1502,,0,0,0,0,0
202,8061,Missa Trop penser,Weerbeke,Handschrift,UppsU 76e,"UppsU 76e, f.[77v-85v]",1525,,0,0,0,0,0
203,8061,Missa Trop penser,Weerbeke,Ausgabe,G 450,[Nr. 3],1507,4,1,1,1,1,1
204,8020,Missa Le Serviteur,Agricola,Handschrift,VienNB 1783,fol. 111v-126r,1502,,0,0,0,0,0
205,8020,Missa Le Serviteur,Agricola,Handschrift,JenaU 22,fol. 128v-141r,1502,,0,0,0,0,0
206,8020,Missa Le Serviteur,Agricola,Ausgabe,A 431,[Nr. 1],1504,4,1,1,1,1,1
208,8017,Missa Je ne demande,Agricola,Ausgabe,A 431,[Nr. 2],1504,4,1,1,1,1,1
209,8017,Missa Je ne demande,Agricola,Handschrift,LeipU 51,fol. 38v-42r(Tenor) fol. 57v-62r(Bass),1555,2,0,0,0,0,0
210,8027,Missa Dominicalis,Brumel,Handschrift,BolC Q19,ff. 164v-168r,1518,4,0,0,0,1,1
211,8027,Missa Dominicalis,Brumel,Handschrift,MunBS 65,ff.123v-133r,1517,4,0,0,1,0,0
212,8027,Missa Dominicalis,Brumel,Handschrift,VatP 1982,ff. 164r-173v,1518,1,1,1,1,1,1
213,8056,Missa Victime,Brumel,Handschrift,JenaU 31,ff.144v-163r,,4,1,1,1,1,0
214,8056,Missa Victime,Brumel,Handschrift,StuttL 44,ff. 1v-29r,,4,1,1,1,1,0
215,8056,Missa Victime,Brumel,Handschrift,VerBC 761,ff.179v-193r,,4,1,1,1,1,1
216,8056,Missa Victime,Brumel,Ausgabe,B 4643,[Nr.5],1503,4,1,1,1,1,1
217,8073,Missa L´homme armé,Brumel,Handschrift,BasU F.VI.26e,,1512,,0,0,0,0,0
218,8073,Missa L´homme armé,Brumel,Handschrift,VatC 234,ff.199v-212r,1500,,0,0,0,0,0
219,8073,Missa L´homme armé,Brumel,Handschrift,JenaU 31,ff.109r-125r,1492,,0,0,0,0,0
220,8073,Missa L´homme armé,Brumel,Handschrift,MilD 2,ff.191v-203r,1495,,0,0,0,0,0
221,8073,Missa L´homme armé,Brumel,Handschrift,VerBC 761,,1512,,0,0,0,0,0
222,8073,Missa L´homme armé,Brumel,Ausgabe,B 4643,[Nr.4],1503,4,1,1,1,1,1
223,8073,Missa L´homme armé,Brumel,Handschrift,VatSM 26,Nr.10,1518,,0,0,0,0,0
224,8037,Missa L´homme armé,Compere,Handschrift,DresSL 1/D/505,S.121-136,1522,4,1,0,1,0,0
225,8037,Missa L´homme armé,Compere,Handschrift,BerlPS 40634,Nr.21,1525,,0,0,0,0,0
226,8037,Missa L´homme armé,Compere,Handschrift,CambraiBM 18,Nr.6,1520,,0,0,0,0,0
227,8037,Missa L´homme armé,Compere,Handschrift,DresSL 1/D/506,S.46-69,1530,,0,0,0,0,0
228,8037,Missa L´homme armé,Compere,Handschrift,JenaU 32,59v-77,1497,,0,0,0,0,0
229,8037,Missa L´homme armé,Compere,Handschrift,VatC 234,227v-240,1500,,0,0,0,0,0
230,8037,Missa L´homme armé,Compere,Handschrift,MunBS 3154,264v-273,1488,,0,0,0,0,0
231,8029,Missa Puer natus,de la Rue,Handschrift,JenaU 22,ff.42v-54r,,4,1,1,1,1,1
232,8029,Missa Puer natus,de la Rue,Handschrift,LeidGA 1443,ff.385v-389v,,,1,1,1,0,0
233,8029,Missa Puer natus,de la Rue,Handschrift,AntP M18.13/1,ff.15r-24r,,,0,1,0,0,0
234,8029,Missa Puer natus,de la Rue,Handschrift,CambraiBM 4,ff.174v-187r,,,0,0,0,0,0
235,8029,Missa Puer natus,de la Rue,Handschrift,FrankSU 2,ff.45r-58r,,,1,1,1,1,1
236,8029,Missa Puer natus,de la Rue,Handschrift,MunU 239,"No.1, ff.1v-4v",,,1,1,1,1,1
237,8029,Missa Puer natus,de la Rue,Handschrift,SubA 248,ff.37v-55v,,,1,1,1,1,1
238,8029,Missa Puer natus,de la Rue,Handschrift,VienNB 1783,ff.241v-252r,,,0,0,0,0,0
239,8029,Missa Puer natus,de la Rue,Handschrift,VienNB Mus. 16746,"ff.3v-4r(Ky), 9v-10r(Pleni), 10v-12r(Ag)",,,1,0,0,1,1
240,8029,Missa Puer natus,de la Rue,Ausgabe,L 718,[No. 2],,4,1,1,1,1,1
241,8055,Missa De beata virgine,de la Rue,Handschrift,JenaU 22,ff. 18v-29r,,4,1,1,1,1,1
242,8055,Missa De beata virgine,de la Rue,Handschrift,AntP M18.13/1,fragmente 9-11 / f. 1r-2v,,2,0,0,1,0,0
243,8055,Missa De beata virgine,de la Rue,Handschrift,BolSP 38,ff. 23v-25r,,,0,0,1,0,0
244,8055,Missa De beata virgine,de la Rue,Handschrift,DresSL Pirna IV,ff.96v-116r,,,0,0,0,0,0
245,8055,Missa De beata virgine,de la Rue,Handschrift,EisS s.s.,ff.100v-103r,,,1,0,0,0,0
246,8055,Missa De beata virgine,de la Rue,Handschrift,ModD 4,64-67,,,0,0,1,0,0
247,8055,Missa De beata virgine,de la Rue,Handschrift,SubA 248,ff.19v-37r,,4,1,1,1,1,1
248,8055,Missa De beata virgine,de la Rue,Handschrift,VienNB 1783,ff. 49v-60r,,4,1,1,1,1,1
249,8055,Missa De beata virgine,de la Rue,Ausgabe,L 718,[No. 1],1503,4,1,1,1,1,1
250,8026,Missa Quarti Toni,Fresneau,Handschrift,CambraiBM 18,ff. 52v-68,1520,4,1,1,1,1,1
251,8067,Missa Comme femme,Isaac,Ausgabe,I 88,[no. 5],1506,4,1,1,1,1,1
252,8067,Missa Comme femme,Isaac,Handschrift,BarcOC 5,fol. 24v-33r,1500,4,1,1,1,1,1
253,8067,Missa Comme femme,Isaac,Handschrift,UppsU 76e,"[no. 5], fol. 44v-55",1525,1,1,1,1,1,1
254,8067,Missa Comme femme,Isaac,Handschrift,VatG XIII.27,fol. 84v-85r,1493,4,0,0,0,1,0
255,8067,Missa Comme femme,Isaac,Handschrift,WashLC M6,fol. 95v-96r,1500,4,0,0,0,1,0
256,8034,Missa Quant j´ay au ceur,Isaac,Ausgabe,I 88,[No. 3],1506,4,1,1,1,1,1
257,8034,Missa Quant j´ay au ceur,Isaac,Handschrift,MilD 2,fol. 144v-151,1495,4,0,1,1,1,0
258,8034,Missa Quant j´ay au ceur,Isaac,Handschrift,BerlS 40021,fol. 103-112,1492,4,1,1,1,1,1
259,8034,Missa Quant j´ay au ceur,Isaac,Handschrift,WarU 2016,fol. 49-57,1500,4,1,1,1,1,0
260,8034,Missa Quant j´ay au ceur,Isaac,Handschrift,JenaU 31,fol. 36-50,1492,4,1,1,1,1,1
261,8034,Missa Quant j´ay au ceur,Isaac,Handschrift,UppsU 76e,Nr. 3,1525,,1,1,1,1,1
262,8034,Missa Quant j´ay au ceur,Isaac,Handschrift,VienNB 11883,fol. 42v-51,1516,4,1,1,1,1,0
263,8034,Missa Quant j´ay au ceur,Isaac,Handschrift,SegC s.s.,fol. 45v-54,1506,4,1,1,1,1,1
264,8034,Missa Quant j´ay au ceur,Isaac,Handschrift,WarU 2016,fol. 153,1500,4,0,0,1,0,0
265,8034,Missa Quant j´ay au ceur,Isaac,Handschrift,FlorBN BR 229,fol. 9v-10,1492,3,0,0,0,1,0
266,8034,Missa Quant j´ay au ceur,Isaac,Handschrift,FlorBN Magl. 107bis,fol. 20v,1505,3,0,0,0,1,0
267,8034,Missa Quant j´ay au ceur,Isaac,Handschrift,HeilbS X/2,No. 9,1552,1,0,0,0,1,0
268,8034,Missa Quant j´ay au ceur,Isaac,Handschrift,LonBL 31922,fol. 3v-4,1515,3,0,0,0,1,0
269,8034,Missa Quant j´ay au ceur,Isaac,Handschrift,ParisBNC 676,fol. 77v-78,1502,3,0,0,0,1,0
270,8034,Missa Quant j´ay au ceur,Isaac,Handschrift,RegB 940-1,Nr. 190,1558,3,0,0,0,1,0
271,8034,Missa Quant j´ay au ceur,Isaac,Handschrift,VatG XIII.27,fol. 57v-58,1493,3,0,0,0,1,0
272,8034,Missa Quant j´ay au ceur,Isaac,Handschrift,TurBN 59 (AP),fol. 35,1500,3,0,0,0,1,0
273,8034,Missa Quant j´ay au ceur,Isaac,Handschrift,UlmS 237,f. 22v/-/20-20v/21-21v,1535,3,0,0,0,1,0
274,8034,Missa Quant j´ay au ceur,Isaac,Handschrift,WashLC M6,fol. 88v-89,1500,3,0,0,0,1,0
275,8034,Missa Quant j´ay au ceur,Isaac,Handschrift,ZwiR 78/3,No. 9,1540,3,0,0,0,1,0
276,8034,Missa Quant j´ay au ceur,Isaac,Ausgabe,1501,fol. 82v-83,1501,3,0,0,0,1,0
277,8034,Missa Quant j´ay au ceur,Isaac,Ausgabe,[c.1535]/14,Nr. 46,1535,3,0,0,0,1,0
278,8034,Missa Quant j´ay au ceur,Isaac,Ausgabe,1538/9,(No. 30),1538,3,0,0,0,1,0
279,8034,Missa Quant j´ay au ceur,Isaac,Handschrift,BasU kk.II.32 (AP),fol. (43),,1,0,0,0,1,0
280,8034,Missa Quant j´ay au ceur,Isaac,Handschrift,BolC Q18,fol. 63v-64,1504,4,0,0,0,1,0
281,8034,Missa Quant j´ay au ceur,Isaac,Handschrift,FlorBN Panc. 27,fol. 17v-18,1512,4,0,0,0,1,0
282,8034,Missa Quant j´ay au ceur,Isaac,Handschrift,SGallS 462,fol. 7v-8,1525,4,0,0,0,1,0
283,8034,Missa Quant j´ay au ceur,Isaac,Handschrift,VerBC 757,fol. 29v-30,1500,4,0,0,0,1,0
284,8034,Missa Quant j´ay au ceur,Isaac,Tabulatur,BasU F.IX.22 (AP),fol. 30v-32r,1524,,0,0,0,1,0
286,8034,Missa Quant j´ay au ceur,Isaac,Tabulatur,BerlS 40632 (AP),fol. 19v-20,1567,,0,0,0,1,0
287,8034,Missa Quant j´ay au ceur,Isaac,Musiktheorie,MunU 718 (AP),fol 136v-137 (Ten) & 150 (Bass),1523,2,0,0,0,1,0
288,8034,Missa Quant j´ay au ceur,Isaac,Tabulatur,VienNB Mus. 18688 (AP),fol. 86v-87,1575,2,0,0,0,1,0
289,8034,Missa Quant j´ay au ceur,Isaac,Tabulatur,1507/5 oder 1507/6,fol. A4-(A5),1507,,0,0,0,1,0
290,8034,Missa Quant j´ay au ceur,Isaac,Tabulatur,1536/12,fol. piij-piiij´,1536,,0,0,0,1,0
291,8034,Missa Quant j´ay au ceur,Isaac,Tabulatur,1562/24,p. 46-49 (D) / 39-42 (T),,,0,0,0,1,0
293,8068,Missa T´meiskin,Isaac,Handschrift,JenaU 31,fol. 78r-87r,1492,4,1,1,1,1,1
294,8068,Missa T´meiskin,Isaac,Handschrift,JenaU 22,fol. 84v-86r,1502,4,0,0,1,0,0
295,8068,Missa T´meiskin,Isaac,Handschrift,VerBC 756,fol. 55v-59r,1508,4,0,0,1,0,0
296,8068,Missa T´meiskin,Isaac,Handschrift,VienNB 1783,fol. 191v-193r,1502,4,0,0,1,0,0
298,8090,Missa Salve diva parens,Obrecht,Handschrift,BarcOC 5,fol. 11v-24r,1500,,1,1,1,1,1
300,8042,Missa de Franza,Basiron,Handschrift,HRadKM 7, no. 18 f. 89-109 (Diamm),1500,,0,0,0,0,0
301,8042,Missa de Franza,Basiron,Handschrift,SienBC K.I.2,,1503,,0,0,0,0,0
303,8042,Missa de Franza,Basiron,Ausgabe,1509/1,[no. 2],1508,4,1,1,1,1,1
304,8028,Missa Tant bel mi sont pensade,Prioris,Handschrift,CambraiBM 18,ff. 1r-12r,1520,4,1,1,1,1,1
305,8016,Missa de Angelis,Prioris,Handschrift,VerBC 761,ff. 146v-163r,1512,4,1,1,1,1,1
306,8016,Missa de Angelis,Prioris,Handschrift,VienNB Mus. 15497,ff. 83v-98r,1514,4,1,1,1,1,1
307,8016,Missa de Angelis,Prioris,Handschrift,VienNB 11883,ff. 101v-110v,1516,4,1,1,1,1,1
308,8016,Missa de Angelis,Prioris,Handschrift,CasAC M(D),"ff. 80v-84r, 88v-90r",1516,4,1,1,0,1,0
312,8049,Missa L´homme armé,Pipelare,Handschrift,CambraiBM 18,fol. 125v-137r,1520,,0,0,0,0,0
313,8049,Missa L´homme armé,Pipelare,Handschrift,JenaU 22,fol. 116v-128r,1502,,0,0,0,0,0
314,8049,Missa L´homme armé,Pipelare,Handschrift,VatSM 26,fol. 1v-14r,1518,,0,0,0,0,0
315,8049,Missa L´homme armé,Pipelare,Ausgabe,1516/1,pp. 18-70,1516,,0,0,0,0,0
316,8049,Missa L´homme armé,Pipelare,Ausgabe,1522,No. IX,1522,,0,0,0,0,0
317,8038,Missa de Sancto Donatiano,Obrecht,Handschrift,JenaU 32,fol. 179v-199r,1497,,0,0,0,0,0
318,8047,Missa Plurimorum carminum I,Obrecht,Handschrift,DresSL 1/D/505,pp. 25-45,1522,,1,1,1,1,1
320,8047,Missa Plurimorum carminum I,Obrecht,Handschrift,MilD 2,fol. 136v-143r,1495,,0,1,1,1,1
321,8047,Missa Plurimorum carminum I,Obrecht,Handschrift,LinzBS 529,fol. 16r-17r,1485,,0,0,1,1,0
322,8090,Missa Salve diva parens,Obrecht,Handschrift,LeipU 1494,fol. 76v-83r,1497,,1,1,1,0,0
323,8090,Missa Salve diva parens,Obrecht,Handschrift,LinzBS 529,fol. [3r]-[3v],1485,,0,0,0,1,0
324,8090,Missa Salve diva parens,Obrecht,Musiktheorie,LonBL 4911,fol. 42r,1580,,0,0,1,0,0
325,8090,Missa Salve diva parens,Obrecht,Handschrift,VerBC 761,fol. 7v-27r,1512,,1,1,1,1,1
326,8090,Missa Salve diva parens,Obrecht,Handschrift,VienNB Mus. 18832,No.13,1524,,0,0,1,0,0
327,8090,Missa Salve diva parens,Obrecht,Handschrift,VienNB Mus. 15495,fol. 1v-18r,1509,,1,1,1,1,1
328,8090,Missa Salve diva parens,Obrecht,Ausgabe,O 7,No. 5,1503,4,1,1,1,1,1
329,8090,Missa Salve diva parens,Obrecht,Ausgabe,1538/9,No. 87,1538,,0,0,0,0,0
330,8090,Missa Salve diva parens,Obrecht,Musiktheorie,Heyden 1537,p. 33,1537,,0,0,1,0,0
331,8090,Missa Salve diva parens,Obrecht,Musiktheorie,Heyden 1540,p. 36 (verzählt 39),1540,,0,0,1,0,0
332,8090,Missa Salve diva parens,Obrecht,Ausgabe,1545/7,No. 106,1545,,0,0,1,0,0
333,8090,Missa Salve diva parens,Obrecht,Musiktheorie,1547/1,p. 257,1547,,0,0,1,0,0
334,8090,Missa Salve diva parens,Obrecht,Ausgabe,1594/3,No. VI,1594,,0,0,1,0,0
335,8090,Missa Salve diva parens,Obrecht,Ausgabe,1594/3,fol. 4v,1594,,0,0,1,0,0
336,8058,Missa Quarti Toni [=Mi Mi?],Ockeghem,Handschrift,VatC 234,fol. 3v-18r,1500,,0,0,0,0,0
338,8057,Missa Au travail suis,Ockeghem,Handschrift,VatC 234,fol. 89v-96r,1500,,0,0,0,0,0
339,8044,Missa L´homme armé,Ockeghem,Handschrift,VatC 234,fol. 35v-45r,1500,,0,0,0,0,0
340,8032,Missa Cujusvis toni,Ockeghem,Handschrift,VatC 234,fol. 96v-106r,1500,,0,0,0,0,0
341,8032,Missa Cujusvis toni,Ockeghem,Musiktheorie,1547/1,p. 455,1547,,1,0,0,1,0
342,8032,Missa Cujusvis toni,Ockeghem,Musiktheorie,Erotemata 1563,pp. 64-68,1563,,1,0,0,0,0
344,8032,Missa Cujusvis toni,Ockeghem,Ausgabe,1539/1,[keine Angabe],1539,,0,0,0,0,0
345,8032,Missa Cujusvis toni,Ockeghem,Handschrift,BerlPS 40634,"No. 8, fol. 53v-58v(Altus), fol. 45v-49v(Bassus)",1525,2,0,0,0,0,0
346,8018,Missa Gaudeamus,Josquin,Handschrift,BasU F.IV.25a-d,ff. 9-17(S) 10-16(A) 4-10(T) 9-16(B),1512,4,1,1,1,1,1
347,8018,Missa Gaudeamus,Josquin,Handschrift,CambraiBM 18,ff. 82v-97,1520,4,1,1,1,1,1
348,8018,Missa Gaudeamus,Josquin,Handschrift,JenaU 32,ff. 200v-219,1497,4,1,1,1,1,1
349,8018,Missa Gaudeamus,Josquin,Handschrift,RegB B220-2,ff. 71-72(S),1550,,0,0,0,0,1
350,8018,Missa Gaudeamus,Josquin,Handschrift,StuttL 46,ff. 103v-139,1539,4,1,1,1,1,1
351,8018,Missa Gaudeamus,Josquin,Handschrift,VienNB 11778,ff. 41v-62,1527,4,1,1,1,1,1
352,8018,Missa Gaudeamus,Josquin,Handschrift,VienNB Mus. 18832,ff. 10v/10v-11,1524,2,0,0,0,0,1
353,8018,Missa Gaudeamus,Josquin,Handschrift,VienNB Mus. 18832,f. 11v/11v,1524,2,0,0,1,0,0
354,8018,Missa Gaudeamus,Josquin,Handschrift,VienNB Mus. 18832,f. 12/12,1524,2,0,0,0,1,0
355,8018,Missa Gaudeamus,Josquin,Ausgabe,J 669,no. [3],1526,4,1,1,1,1,1
356,8018,Missa Gaudeamus,Josquin,Ausgabe,J 666,no. [3],1502,4,1,1,1,1,1
357,8018,Missa Gaudeamus,Josquin,Ausgabe,J 668 (J 667),no. [3],1516,4,1,1,1,1,1
358,8018,Missa Gaudeamus,Josquin,Ausgabe,1539/1,no. III,1539,4,1,1,1,1,1
359,8018,Missa Gaudeamus,Josquin,Musiktheorie,1547/1,p. 220,1547,4,0,0,0,1,0
360,8018,Missa Gaudeamus,Josquin,Musiktheorie,Heyden 1537,p. 75,1537,4,0,0,0,1,0
361,8018,Missa Gaudeamus,Josquin,Musiktheorie,Heyden 1540,pp. 89,1540,4,0,0,0,1,0
362,8018,Missa Gaudeamus,Josquin,Tabulatur,1552/35,ff. 57-63,1552,,1,1,1,1,1
363,8018,Missa Gaudeamus,Josquin,Tabulatur,Vaena 1540,ff. 11-11v,1540,,0,0,1,0,0
364,8018,Missa Gaudeamus,Josquin,Tabulatur,Vaena 1540,f. 11v,1540,,0,0,0,1,0
365,8018,Missa Gaudeamus,Josquin,Tabulatur,1547/25,f. 84,1547,,0,0,0,0,1
366,8019,Missa Malheur me bat,Josquin,Handschrift,BolSP 31,ff. 139v-148,1527,4,1,1,1,1,1
367,8019,Missa Malheur me bat,Josquin,Handschrift,BrusBR 9126,ff. 82v-95,1505,4,1,1,1,1,1
368,8019,Missa Malheur me bat,Josquin,Handschrift,BasU F.IV.25e-f,ff. 6v-13 /3v-8,1512,2,1,1,1,1,1
369,8019,Missa Malheur me bat,Josquin,Handschrift,JenaU 3,ff. 59v-73,1519,4,1,1,1,1,1
370,8019,Missa Malheur me bat,Josquin,Musiktheorie,LonBL 4911,ff. 41v-42,1580,4,0,0,0,0,1
371,8019,Missa Malheur me bat,Josquin,Handschrift,LeipU 51,ff. 1-6,1555,2,1,1,1,1,1
372,8019,Missa Malheur me bat,Josquin,Handschrift,MilA 46,ff. 22v-32,1550,4,1,1,1,1,1
373,8019,Missa Malheur me bat,Josquin,Handschrift,ModD 4,ff. 88-91,1525,4,1,1,0,0,0
374,8019,Missa Malheur me bat,Josquin,Handschrift,ModD 4,ff. 74v-75,1525,,0,0,0,0,1
375,8019,Missa Malheur me bat,Josquin,Handschrift,MunBS 260,ff. 37v-38,1544,4,0,0,0,0,1
376,8019,Missa Malheur me bat,Josquin,Handschrift,RegB B220-2,ff. 73v-74 / 68v-69v,1550,4,0,0,0,1,0
377,8019,Missa Malheur me bat,Josquin,Handschrift,RosU 40,no. 5,1558,4,1,1,1,0,0
378,8019,Missa Malheur me bat,Josquin,Handschrift,ToleBC 9,ff. 61v-75,1551,4,1,1,1,1,1
379,8019,Missa Malheur me bat,Josquin,Handschrift,VienNB 4809,ff. 66v-89v,1527,4,1,1,1,1,1
380,8019,Missa Malheur me bat,Josquin,Handschrift,VienNB 11883,ff. 2-11,1516,4,1,1,1,1,1
381,8019,Missa Malheur me bat,Josquin,Handschrift,VienNB Mus. 18832,ff. 82-82 / 81v-82,1524,4,0,0,0,0,1
382,8019,Missa Malheur me bat,Josquin,Ausgabe,J 672,no. [3],1526,4,1,1,1,1,1
383,8019,Missa Malheur me bat,Josquin,Musiktheorie,1547/1,pp. 451-452,1547,2,0,0,0,0,1
384,8019,Missa Malheur me bat,Josquin,Musiktheorie,Heyden 1537,pp. 78-79,1537,2,0,0,0,0,1
385,8019,Missa Malheur me bat,Josquin,Musiktheorie,Heyden 1540,pp. 92-93,1540,2,0,0,0,0,1
386,8019,Missa Malheur me bat,Josquin,Ausgabe,1549/16,no. XVI [16],1549,2,0,0,0,1,0
387,8019,Missa Malheur me bat,Josquin,Ausgabe,J 670,no. [3],1505,4,1,1,1,1,1
388,8019,Missa Malheur me bat,Josquin,Ausgabe,J 671,no. [3],1515,4,1,1,1,1,1
390,8019,Missa Malheur me bat,Josquin,Ausgabe,1590/30,f. C4v (no. 31),1590,2,0,0,0,0,1
391,8019,Missa Malheur me bat,Josquin,Ausgabe,1594/3,f. C4v (no. 31),1594,2,0,0,0,0,1
392,8021,Missa L´ami baudichon,Josquin,Handschrift,BerlS 40021,f. 68v,1492,2,0,0,1,0,0
393,8021,Missa L´ami baudichon,Josquin,Handschrift,BrnoAM 15/4,no. 28 [ff. 301v-306],1550,4,0,0,1,0,0
394,8021,Missa L´ami baudichon,Josquin,Handschrift,HRadKM 7,pp. 256-261,1500,4,0,0,1,0,0
395,8021,Missa L´ami baudichon,Josquin,Handschrift,LeipU 1494,f. 168; ff. 230v-231,1497,4,0,0,1,0,0
396,8021,Missa L´ami baudichon,Josquin,Handschrift,PozU 7022,ff. II 5-6v,1500,4,0,0,1,1,1
397,8021,Missa L´ami baudichon,Josquin,Handschrift,RegB B220-2,f. 75 Prima (Bassus); ff. 69-70 Secunda (Altus),1550,4,0,1,0,0,0
398,8021,Missa L´ami baudichon,Josquin,Handschrift,SienBC K.I.2,ff. 212-214,1503,4,0,1,0,0,0
399,8021,Missa L´ami baudichon,Josquin,Handschrift,VerBC 761,ff. 62v-73,1512,4,1,1,1,1,1
400,8021,Missa L´ami baudichon,Josquin,Handschrift,VienNB 11778,ff. 108v-125 (112v blank),1527,4,1,1,1,1,1
401,8021,Missa L´ami baudichon,Josquin,Handschrift,ZwiR 119/1,ff. 130v-133,1525,,1,1,1,0,0
402,8021,Missa L´ami baudichon,Josquin,Ausgabe,J 672,no. [4],1526,4,1,1,1,1,1
403,8021,Missa L´ami baudichon,Josquin,Ausgabe,1549/16,no. XLIII (63),1549,4,0,0,1,0,0
404,8021,Missa L´ami baudichon,Josquin,Ausgabe,J 670,no. [4],1505,4,1,1,1,1,1
405,8021,Missa L´ami baudichon,Josquin,Ausgabe,J 671,no. [4],1515,4,1,1,1,1,1
407,8023,Missa Faisant regret,Josquin,Handschrift,HerdF 9821,no. [8],1547,4,1,1,0,0,0
408,8023,Missa Faisant regret,Josquin,Handschrift,JenaU 3,ff. 1v-14,1519,4,1,1,1,1,1
409,8023,Missa Faisant regret,Josquin,Handschrift,MunBS 510,ff. 21v-41,1516,4,1,1,1,1,1
410,8023,Missa Faisant regret,Josquin,Handschrift,ToleBC 9,ff. lxxxiij´-ciij [83v-103],1551,4,1,1,1,1,1
411,8023,Missa Faisant regret,Josquin,Handschrift,VatP 1980-1,ff. 48-52 / 48v-54,1520,2,1,1,1,1,1
412,8023,Missa Faisant regret,Josquin,Handschrift,VienNB 4809,ff. 90v-108,1527,4,1,1,1,1,1
413,8023,Missa Faisant regret,Josquin,Handschrift,VienNB Mus. 15495,ff. 33v-47,1509,4,1,1,1,1,1
414,8023,Missa Faisant regret,Josquin,Ausgabe,1516/1,ff. CIIII´-CXIII [54v-64],1516,4,1,1,1,1,1
415,8023,Missa Faisant regret,Josquin,Ausgabe,1522,no. [6],1522,4,1,1,1,1,1
416,8023,Missa Faisant regret,Josquin,Ausgabe,J 675,no. [2],1526,4,1,1,1,1,1
417,8023,Missa Faisant regret,Josquin,Ausgabe,J 673 (J 674),no. [2],1514,4,1,1,1,1,1
418,8023,Missa Faisant regret,Josquin,Tabulatur,1554/32,ff. xcj´-xcii [41v-42],1554,4,0,1,0,0,0
419,8023,Missa Faisant regret,Josquin,Tabulatur,1554/32,ff. xcii-xcii´ [42-42v],1554,,1,0,0,0,0
420,8023,Missa Faisant regret,Josquin,Tabulatur,1554/32,f. xcii´ [42v],1554,,1,0,0,0,0
421,8023,Missa Faisant regret,Josquin,Tabulatur,Mudarra 1546/14 (Brown) & 1546/34,ff. X´-XII [10v-12],1546,,0,1,0,0,0
422,8023,Missa Faisant regret,Josquin,Tabulatur,Mudarra 1546/14 (Brown) & 1546/34,ff. XII-XIII [12-13],1546,,0,0,0,1,0
423,8023,Missa Faisant regret,Josquin,Tabulatur,1538/22,ff. xxx.vj-xxx.vij [36-37],1538,,0,0,0,1,0
424,8023,Missa Faisant regret,Josquin,Tabulatur,1538/22,ff. xxx.vij-xxxviij [37-38],1538,,0,0,0,1,0
425,8023,Missa Faisant regret,Josquin,Tabulatur,1552/35,ff. xxxvi-xli [36-41],1552,,1,1,1,1,1
426,8023,Missa Faisant regret,Josquin,Tabulatur,1547/25,ff. LXXXV´-LXXXVI [85v-86],1547,,0,0,1,0,0
427,8051,Missa La sol fa re mi,Josquin,Handschrift,BerlS 40091,ff. 138v-157,1516,4,1,1,1,1,1
428,8051,Missa La sol fa re mi,Josquin,Handschrift,BolSP 31,ff. 7v-14,1527,4,1,1,1,1,1
429,8051,Missa La sol fa re mi,Josquin,Handschrift,JenaU 32,ff. 21v-39,1497,4,1,1,1,1,1
430,8051,Missa La sol fa re mi,Josquin,Handschrift,MilA 46,ff. 82v-88,1550,4,1,1,1,1,0
431,8051,Missa La sol fa re mi,Josquin,Handschrift,ParisBNC 851,pp. 376-383,1587,4,1,1,1,1,1
432,8051,Missa La sol fa re mi,Josquin,Handschrift,RegB B220-2,ff. 86v-87,1550,2,0,0,0,0,1
433,8051,Missa La sol fa re mi,Josquin,Handschrift,RegB C100,ff. 95v-118,1560,4,1,1,1,1,1
434,8051,Missa La sol fa re mi,Josquin,Handschrift,StuttL 44,ff. 129v-157,1540,4,1,1,1,1,1
435,8051,Missa La sol fa re mi,Josquin,Handschrift,ToleBC 19,ff. 71v-92,1543,4,1,1,1,1,1
436,8051,Missa La sol fa re mi,Josquin,Handschrift,VatSM 26,ff. 62v-77,1518,4,1,1,1,1,1
437,8051,Missa La sol fa re mi,Josquin,Handschrift,VienNB 11778,ff. 83v-107,1527,4,1,1,1,1,1
438,8051,Missa La sol fa re mi,Josquin,Handschrift,VienNB 11883,ff. 194v-195,1516,4,1,1,0,0,0
439,8051,Missa La sol fa re mi,Josquin,Handschrift,VienNB Mus. 15499,ff. 244v-272,1540,4,1,1,1,1,1
440,8051,Missa La sol fa re mi,Josquin,Handschrift,VienNB Mus. 18832,ff. 10-10v,1524,4,0,0,0,0,1
441,8051,Missa La sol fa re mi,Josquin,Ausgabe,J 669,no. [2],1526,4,1,1,1,1,1
442,8051,Missa La sol fa re mi,Josquin,Ausgabe,J 666,no. [2],1502,4,1,1,1,1,1
443,8051,Missa La sol fa re mi,Josquin,Ausgabe,J 668 (J 667),no. [2],1516,4,1,1,1,1,1
444,8051,Missa La sol fa re mi,Josquin,Ausgabe,1539/1,no. 2,1539,4,1,1,1,1,1
445,8051,Missa La sol fa re mi,Josquin,Musiktheorie,Zanger 1554,ff. Kii´-iii´,1554,4,0,0,0,1,0
446,8051,Missa La sol fa re mi,Josquin,Tabulatur,1554/32,ff. 90-90v,1554,,0,1,0,0,0
447,8051,Missa La sol fa re mi,Josquin,Tabulatur,1554/32,ff. 92v-94,1554,,1,0,0,0,0
448,8051,Missa La sol fa re mi,Josquin,Tabulatur,Mudarra 1546/14 (Brown) & 1546/34,"Libro segundo, ff. 12v-13v",1546,,0,0,0,1,0
449,8051,Missa La sol fa re mi,Josquin,Tabulatur,1552/35,ff. 53-57v,1552,,1,1,1,1,1
450,8051,Missa La sol fa re mi,Josquin,Tabulatur,Vaena 1540,ff. 59v-60,1540,,0,0,0,1,0
451,8051,Missa La sol fa re mi,Josquin,Tabulatur,Vaena 1540,ff. 60-61,1540,,0,0,0,1,0
452,8053,Missa Ave maris stella,Josquin,Handschrift,BrusBR 9126,ff. 1v-13,1505,4,1,1,1,1,1
453,8053,Missa Ave maris stella,Josquin,Handschrift,BasU F.IV.25a-d,"ff. 17-21 (SAB), 10-16 (T)",1512,4,1,1,1,1,1
454,8053,Missa Ave maris stella,Josquin,Handschrift,FrankSU 2,ff. 18-30,1515,4,1,1,1,1,1
455,8053,Missa Ave maris stella,Josquin,Handschrift,JenaU 3,ff. 29v-43,1519,4,1,1,1,1,1
456,8053,Missa Ave maris stella,Josquin,Handschrift,MilA 46,ff. 72v-82,1550,4,1,1,1,1,1
457,8053,Missa Ave maris stella,Josquin,Handschrift,PragNL 59R5117  (NJE 3.1.),no. 2,1540,4,1,1,1,1,1
458,8053,Missa Ave maris stella,Josquin,Handschrift,StuttL 44,ff. 29v-56,1540,4,1,1,1,1,1
459,8053,Missa Ave maris stella,Josquin,Handschrift,ToleBC 9,ff. 35v-54,1551,4,1,1,1,1,1
460,8053,Missa Ave maris stella,Josquin,Handschrift,VatSM 26,ff. 29v-42,1518,4,1,1,1,1,1
461,8053,Missa Ave maris stella,Josquin,Handschrift,VienNB 1783,ff. 165v-175,1502,4,1,1,1,1,1
462,8053,Missa Ave maris stella,Josquin,Handschrift,VienNB 4809,ff. 123v-141,1527,4,1,1,1,1,1
463,8053,Missa Ave maris stella,Josquin,Ausgabe,J 672,no. [1],1526,4,1,1,1,1,1
464,8053,Missa Ave maris stella,Josquin,Ausgabe,J 670,no. [1],1505,4,1,1,1,1,1
465,8053,Missa Ave maris stella,Josquin,Ausgabe,J 671,no. [1],1515,4,1,1,1,1,1
467,8053,Missa Ave maris stella,Josquin,Ausgabe,1539/1,no. 11,1539,4,1,1,1,1,1
468,8053,Missa Ave maris stella,Josquin,Ausgabe,1545/6,no. 84,1545,4,0,0,0,0,1
469,8053,Missa Ave maris stella,Josquin,Ausgabe,1545/7,no. 107,1545,4,0,0,0,0,1
470,8053,Missa Ave maris stella,Josquin,Tabulatur,1552/29,p. 73,1552,,0,0,0,1,0
471,8053,Missa Ave maris stella,Josquin,Tabulatur,1552/35,ff. 63v-68,1552,,1,1,1,1,1
472,8053,Missa Ave maris stella,Josquin,Tabulatur,Vaena 1540,f. 12v,1540,,0,0,0,0,1
473,8053,Missa Ave maris stella,Josquin,Tabulatur,Vaena 1540,ff. 44-45,1540,,0,1,0,0,0
474,8053,Missa Ave maris stella,Josquin,Tabulatur,Vaena 1540,ff. 61-61v,1540,,0,0,0,0,1
475,8053,Missa Ave maris stella,Josquin,Tabulatur,1547/25,ff. 75v-76v,1547,,0,0,0,0,0
476,8053,Missa Ave maris stella,Josquin,Tabulatur,1547/25,f. 86v,1547,,0,0,0,1,0
477,8060,Missa D´ung aultre amer,Josquin,Kernkorpus,VatS 41,"13a, ff. 155v-156",1494,,0,0,0,0,0
478,8060,Missa D´ung aultre amer,Josquin,Handschrift,FlorBN Panc. 27,ff.79v-80,1512,4,0,0,0,1,0
479,8060,Missa D´ung aultre amer,Josquin,Handschrift,ModD 4,ff. 14v-15; 15v-19; 25v-26,1525,4,0,0,0,0,0
480,8060,Missa D´ung aultre amer,Josquin,Handschrift,ModD 4,ff. 15v-19,1525,4,1,1,1,0,0
481,8060,Missa D´ung aultre amer,Josquin,Handschrift,ModD 4,ff. 25v-26,1525,4,0,0,0,0,1
482,8060,Missa D´ung aultre amer,Josquin,Handschrift,RoccaP s.s.,ff. 45v-46,1580,4,0,0,0,0,0
483,8060,Missa D´ung aultre amer,Josquin,Handschrift,SGallS 463,no. 95,1540,2,0,0,0,0,0
484,8060,Missa D´ung aultre amer,Josquin,Handschrift,WashLC M6,ff. lxxx-lxxxi,1500,,0,0,0,0,0
485,8060,Missa D´ung aultre amer,Josquin,Ausgabe,J 672,no. [6],1526,4,1,1,1,1,1
486,8060,Missa D´ung aultre amer,Josquin,Ausgabe,1503/1,ff. 57v-59,1503,,0,0,0,0,0
487,8060,Missa D´ung aultre amer,Josquin,Ausgabe,J 670,no. [6],1505,4,1,1,1,1,1
488,8060,Missa D´ung aultre amer,Josquin,Ausgabe,1508/3,ff. 25v-26,1508,,0,0,0,0,0
491,8024,Missa De beata virgine,Josquin,Handschrift,BarcBC 454,f. 59v,1517,1,0,1,0,0,0
492,8024,Missa De beata virgine,Josquin,Handschrift,BerlPS 40013,ff. 114v-131,1540,4,1,1,1,1,1
493,8024,Missa De beata virgine,Josquin,Handschrift,BerlPS 40013,ff. 381v-382,1540,4,1,0,0,0,0
494,8024,Missa De beata virgine,Josquin,Handschrift,BolC Q25,"ff. 56-57v (A), (57-58v (T)",1537,,1,1,0,0,0
495,8024,Missa De beata virgine,Josquin,Handschrift,BolSP 31,ff. 15v-18,1527,4,0,0,1,0,0
496,8024,Missa De beata virgine,Josquin,Handschrift,BolSP 38,ff. 133-135,1525,4,0,1,0,0,0
497,8024,Missa De beata virgine,Josquin,Handschrift,BasU F.VI.26h,"ff. 6a (T), 6b (B)",1510,2,0,0,1,0,0
498,8024,Missa De beata virgine,Josquin,Handschrift,BasU F.X.21,f. 33v (T),1552,,0,1,0,0,0
499,8024,Missa De beata virgine,Josquin,Handschrift,BudOS 20,"ff. 94v-96v (S), 91v-93v (T)",,2,1,1,0,0,0
500,8024,Missa De beata virgine,Josquin,Handschrift,BudOS 20,ff. 116-119 (T),,1,0,0,1,1,1
501,8024,Missa De beata virgine,Josquin,Handschrift,BudOS 24,"ff. 41-42v (S), 42v-43v (A), 36v-38 (T), 41v-43v (B)",1585,4,1,1,0,0,0
502,8024,Missa De beata virgine,Josquin,Handschrift,BudOS P6,"ff. 10-12v (S), 8v-12 (A), 5v-9 (T), 8v-11 (B)",1558,4,1,1,1,1,1
503,8024,Missa De beata virgine,Josquin,Handschrift,CambraiBM 4,ff. 232v-250,1526,4,1,1,1,1,1
504,8024,Missa De beata virgine,Josquin,Handschrift,CambraiBM 18,ff. 198-218,1520,4,1,1,1,1,1
505,8024,Missa De beata virgine,Josquin,Handschrift,CambraiBM 125-8,f. 141,1542,4,0,1,0,0,0
506,8024,Missa De beata virgine,Josquin,Handschrift,DresSL 1/E/24,"ff. 57v-58 (S), 52-52v (A), 58-58v (T), 54-54v (B)",1571,4,0,1,0,0,0
507,8024,Missa De beata virgine,Josquin,Handschrift,DresSL Grimma 52,no. [52] (T),1590,,0,1,0,0,0
508,8024,Missa De beata virgine,Josquin,Handschrift,DresSL Grimma 53,"ff. 17v-23 (S), 27v-33 (A), 24-29v (T), 27-32v (B)",1567,2,1,1,0,0,0
509,8024,Missa De beata virgine,Josquin,Handschrift,DresSL Grimma 59a,no. [1] (S2),1560,,0,0,1,1,1
510,8024,Missa De beata virgine,Josquin,Handschrift,EisS s.s.,ff. 94v-100,1550,4,1,1,0,0,0
511,8024,Missa De beata virgine,Josquin,Handschrift,GreifU 640-1,no. 1 (SB),1563,,0,1,0,0,0
512,8024,Missa De beata virgine,Josquin,Handschrift,JenaU 7,ff. 61v-77,1513,4,1,1,1,1,1
513,8024,Missa De beata virgine,Josquin,Handschrift,JenaU 36,ff. 93v-98,1515,4,0,0,1,0,0
514,8024,Missa De beata virgine,Josquin,Handschrift,LeipU 49,"f. 144 (S), 139 (A), 113 (T), 140-141v (B)",1558,4,0,1,0,0,0
515,8024,Missa De beata virgine,Josquin,Handschrift,MilA 46,ff. 11v-22,1550,4,1,1,1,1,1
516,8024,Missa De beata virgine,Josquin,Handschrift,ModD 4,ff. 92v-95,1525,4,0,0,1,0,0
517,8024,Missa De beata virgine,Josquin,Handschrift,ModE N.1.2,ff. 173v-178,1534,4,0,0,1,0,0
518,8024,Missa De beata virgine,Josquin,Handschrift,MunBS 510,ff. 1v-23,1516,4,1,1,1,1,1
519,8024,Missa De beata virgine,Josquin,Handschrift,MunBS C,ff. 42v-71,1543,4,1,1,1,1,1
520,8024,Missa De beata virgine,Josquin,Handschrift,NurGN 83795,"ff. 67-78 (T), 157-166v (B)",1543,2,1,1,1,1,1
521,8024,Missa De beata virgine,Josquin,Handschrift,RosU 40,no. [3],1558,4,1,1,0,0,0
522,8024,Missa De beata virgine,Josquin,Handschrift,RosU 49,"section 2, no. 6",1566,4,1,1,1,1,1
523,8024,Missa De beata virgine,Josquin,Handschrift,StuttL 44,ff. 57v-84,1540,4,1,1,1,1,1
524,8024,Missa De beata virgine,Josquin,Handschrift,ToleBC 16,ff. 1v-20,1542,4,1,1,1,1,1
525,8024,Missa De beata virgine,Josquin,Handschrift,ToleF 23,ff. 23v-45,1527,4,1,1,1,1,1
526,8024,Missa De beata virgine,Josquin,Handschrift,TrevBC 9,ff. 106v-111,1567,4,0,0,1,0,0
527,8024,Missa De beata virgine,Josquin,Handschrift,UlmS 237,"ff. 34-34v (S), 31v-32 (A), 33(B)",1535,3,0,1,0,0,0
528,8024,Missa De beata virgine,Josquin,Handschrift,UlmS 237,"f. 40v (S), 39v (B)",1535,2,0,0,0,0,1
529,8024,Missa De beata virgine,Josquin,Handschrift,UppsU 76b,ff. 97v-108,1515,4,1,1,1,1,1
530,8024,Missa De beata virgine,Josquin,Handschrift,UppsU 76c,ff. 1v-10,1530,,1,1,1,1,1
531,8024,Missa De beata virgine,Josquin,Handschrift,VatG XII.2,ff. 74v-90,1553,4,1,1,1,1,1
532,8024,Missa De beata virgine,Josquin,Handschrift,VatS 160,ff. 33-48,1517,4,1,1,1,1,1
533,8024,Missa De beata virgine,Josquin,Handschrift,VienNB 4809,ff. 23v-46,1527,4,1,1,1,1,1
534,8024,Missa De beata virgine,Josquin,Handschrift,WeimB B,ff. 76v-88,1542,4,1,1,1,0,0
535,8024,Missa De beata virgine,Josquin,Handschrift,WeimB B,ff. 113v-119,1542,,0,0,0,1,1
536,8024,Missa De beata virgine,Josquin,Handschrift,WolfA A,ff. 1v-27,1519,4,1,1,1,1,1
537,8024,Missa De beata virgine,Josquin,Musiktheorie,ZwiR 13/3,f. 6-6v,1575,,0,1,0,0,0
538,8024,Missa De beata virgine,Josquin,Tabulatur,AmstT 27 (NJE 3.3.),ff. 24-25,1580,,0,1,0,0,0
539,8024,Missa De beata virgine,Josquin,Musiktheorie,MunU 718 (AP),f. 111,1523,,0,1,0,0,0
540,8024,Missa De beata virgine,Josquin,Musiktheorie,MunU 718 (AP),f. 114v,1523,,0,1,0,0,0
541,8024,Missa De beata virgine,Josquin,Musiktheorie,MunU 718 (AP),f. 125v,1523,,0,1,0,0,0
542,8024,Missa De beata virgine,Josquin,Musiktheorie,MunU 718 (AP),f. 148v,1523,,0,1,0,0,0
543,8024,Missa De beata virgine,Josquin,Tabulatur,WarSM 564 (NJE 3.3.),pp. 19-21,1548,,0,1,0,0,0
544,8024,Missa De beata virgine,Josquin,Tabulatur,WarSM 564 (NJE 3.3.),pp. 242-243,1548,,0,1,0,0,0
545,8024,Missa De beata virgine,Josquin,Tabulatur,ZürZ 301 (NJE 3.3.),no. [24],1537,,0,0,0,0,1
546,8024,Missa De beata virgine,Josquin,Handschrift,VatS 45,ff. 1v-15,1512,4,1,1,1,1,1
548,8024,Missa De beata virgine,Josquin,Tabulatur,MunBS 272 (NJE 3.3),ff. 73v-74,1560,,0,1,0,0,0
549,8024,Missa De beata virgine,Josquin,Ausgabe,1516/1,ff. 114v-129,1516,4,1,1,1,1,1
550,8024,Missa De beata virgine,Josquin,Ausgabe,1543/19,p. 36 (ST),1543,2,0,0,0,0,1
551,8024,Missa De beata virgine,Josquin,Ausgabe,1553/26,p. 34 (ST),1553,2,0,0,0,0,1
552,8024,Missa De beata virgine,Josquin,Ausgabe,1522,,1522,4,1,1,1,1,1
553,8024,Missa De beata virgine,Josquin,Ausgabe,J 675,[no. 5],1526,4,1,1,1,1,1
555,8024,Missa De beata virgine,Josquin,Ausgabe,1539/1,,1539,4,1,1,1,1,1
556,8024,Missa De beata virgine,Josquin,Ausgabe,1545/6,,1545,2,0,0,0,0,1
557,8024,Missa De beata virgine,Josquin,Musiktheorie,1547/1,p. 305,1547,2,0,0,0,0,1
558,8024,Missa De beata virgine,Josquin,Musiktheorie,1547/1,pp. 392-401,1547,4,0,1,0,0,0
559,8024,Missa De beata virgine,Josquin,Tabulatur,1583/22,pp. 101-102,1583,,0,1,0,0,0
560,8024,Missa De beata virgine,Josquin,Tabulatur,1578/24,f. 68-68v,1578,,0,1,0,0,0
561,8024,Missa De beata virgine,Josquin,Tabulatur,1578/24,ff. 103-104,1578,,0,1,0,0,0
562,8024,Missa De beata virgine,Josquin,Tabulatur,1554/32,ff. 73v-77,1554,,0,0,1,0,0
563,8024,Missa De beata virgine,Josquin,Tabulatur,Heckel 1556/34,pp. 207-210,1556,,0,1,0,0,0
564,8024,Missa De beata virgine,Josquin,Tabulatur,Mudarra 1546/14 (Brown) & 1546/34,"Lib. Segundo, ff.4-5",1546,,1,0,0,0,0
565,8024,Missa De beata virgine,Josquin,Tabulatur,Mudarra 1546/14 (Brown) & 1546/34,"Lib. Segundo, ff. 22-23v",1546,,0,1,0,0,0
566,8024,Missa De beata virgine,Josquin,Tabulatur,1536/13,Z4-Aa1,1536,,0,1,0,0,0
567,8024,Missa De beata virgine,Josquin,Tabulatur,1558/20,f. 31v,1558,,0,1,0,0,0
568,8024,Missa De beata virgine,Josquin,Tabulatur,1552/29,p- 57,1552,,0,1,0,0,0
569,8024,Missa De beata virgine,Josquin,Tabulatur,1552/35,ff. 68-73,1552,,1,1,1,1,1
570,8024,Missa De beata virgine,Josquin,Tabulatur,Vaena 1540,ff. 42v-43v,1540,,0,1,0,0,0
571,8024,Missa De beata virgine,Josquin,Tabulatur,1547/25,ff. 51v-52,1547,,0,0,1,0,0
572,8024,Missa De beata virgine,Josquin,Tabulatur,1547/25,ff. 73v-74,1547,,1,0,0,0,0
573,8024,Missa De beata virgine,Josquin,Tabulatur,1547/25,f. 85,1547,,0,1,0,0,0
574,8024,Missa De beata virgine,Josquin,Tabulatur,Venegas 1557/2 (Brown),f. 33,1557,,0,1,0,0,0
575,8024,Missa De beata virgine,Josquin,Tabulatur,Venegas 1557/2 (Brown),f. 54,1557,,1,0,0,0,0
576,8024,Missa De beata virgine,Josquin,Tabulatur,Venegas 1557/2 (Brown),f. 54v,1557,,1,0,0,0,0
577,8072,Missa ad fugam,Josquin,Handschrift,JenaU 31,"No. 5, fol. 67r-73r",1492,,1,1,0,1,1
578,8072,Missa ad fugam,Josquin,Ausgabe,J 675,[no. 3],1526,,1,1,1,1,0
579,8072,Missa ad fugam,Josquin,Ausgabe,J 673 (J 674),[no. 3],1514,4,1,1,1,1,0
582,8052,Missa Fortuna,Josquin,Handschrift,ModE M.1.2,fol. 114v-127r,1505,4,1,1,1,1,1
583,8052,Missa Fortuna,Josquin,Handschrift,VienNB 11778,fol. 63v-83r,1527,4,1,1,1,1,1
584,8052,Missa Fortuna,Josquin,Handschrift,MunBS 3154,fol. 172v-178r (neue Foliierung),1488,4,1,1,1,1,1
585,8052,Missa Fortuna,Josquin,Musiktheorie,Erotemata 1563,p. 245-252,1563,,0,0,0,0,1
586,8052,Missa Fortuna,Josquin,Musiktheorie,1547/1,p. 388-391,1547,,0,0,0,0,1
587,8052,Missa Fortuna,Josquin,Ausgabe,1539/1,no. IIII,1539,4,1,1,1,1,1
588,8052,Missa Fortuna,Josquin,Ausgabe,1538/9,no. 10,1538,,0,0,0,1,0
589,8052,Missa Fortuna,Josquin,Ausgabe,1539/2,no. II,1539,4,1,1,1,1,1
590,8052,Missa Fortuna,Josquin,Ausgabe,J 666,no. [4],1502,4,1,1,1,1,1
591,8052,Missa Fortuna,Josquin,Ausgabe,J 668 (J 667),no. [4],1516,4,1,1,1,1,1
592,8052,Missa Fortuna,Josquin,Ausgabe,J 669,no. [4],1526,4,1,1,1,1,1
595,8050,Missa L´homme armé sexti toni,Josquin,Ausgabe,J 666,no. [5],1502,4,1,1,1,1,1
596,8050,Missa L´homme armé sexti toni,Josquin,Ausgabe,J 668 (J 667),no. [5],1516,4,1,1,1,1,1
598,8050,Missa L´homme armé sexti toni,Josquin,Ausgabe,[1506] Nr. 30 (Boorman),no. [5],1506,3,1,1,1,1,1
599,8050,Missa L´homme armé sexti toni,Josquin,Ausgabe,J 669,no. [5],1526,4,1,1,1,1,1
600,8050,Missa L´homme armé sexti toni,Josquin,Musiktheorie,Heyden 1540,p. 64,1540,1,1,0,0,0,0
601,8050,Missa L´homme armé sexti toni,Josquin,Musiktheorie,Heyden 1537,p. 156-158,1537,,0,0,0,0,1
602,8050,Missa L´homme armé sexti toni,Josquin,Musiktheorie,1547/1,p. 220,1547,,0,0,0,1,0
603,8050,Missa L´homme armé sexti toni,Josquin,Ausgabe,J 677,no. 1,1559,4,1,1,1,1,1
604,8050,Missa L´homme armé sexti toni,Josquin,Musiktheorie,Erotemata 1563,p. 18,1563,,0,0,0,1,0
605,8050,Missa L´homme armé sexti toni,Josquin,Musiktheorie,Erotemata 1563,p. 234,1563,2,1,0,0,0,0
606,8050,Missa L´homme armé sexti toni,Josquin,Handschrift,LeipU 51,"T fol. 12v-16r, B fol. 13v-17r",1555,,1,1,1,1,1
607,8050,Missa L´homme armé sexti toni,Josquin,Handschrift,MilD 3,fol. 135v-141r,1500,,0,1,1,1,0
608,8050,Missa L´homme armé sexti toni,Josquin,Handschrift,VatC 234,fol. 191v-199r,1500,,1,1,1,0,0
609,8050,Missa L´homme armé sexti toni,Josquin,Handschrift,StuttL 47,fol. 75v-90r,1507,,0,0,0,0,0
610,8050,Missa L´homme armé sexti toni,Josquin,Handschrift,VienNB 11778,fol. 23v-41r,1527,,0,0,0,0,0
611,8096,Missa L´homme armé super voces,Josquin,Handschrift,BasU F.IV.25a-d,no. 1,1512,,0,0,0,0,0
612,8096,Missa L´homme armé super voces,Josquin,Musiktheorie,BerlPS Mus. Ms. Theor. 1175,fol. 86v-87r,1550,,0,0,0,0,1
613,8096,Missa L´homme armé super voces,Josquin,Handschrift,JenaU 32,no. 1,1497,,0,0,0,0,0
614,8096,Missa L´homme armé super voces,Josquin,Handschrift,ModE M.1.2,"no. 8, 127v-142r",1505,,0,0,0,0,0
615,8096,Missa L´homme armé super voces,Josquin,Handschrift,VatS 154,"1, 3v-29r",1551,,1,1,1,1,1
616,8096,Missa L´homme armé super voces,Josquin,Handschrift,VatG XII.2,"no. 4, 125v-142r",1553,,0,0,0,0,0
617,8096,Missa L´homme armé super voces,Josquin,Handschrift,VienNB 11778,"1, fol. 1v-22r",1527,,0,0,0,0,0
618,8096,Missa L´homme armé super voces,Josquin,Ausgabe,J 666,no. [1],1502,4,1,1,1,1,1
620,8096,Missa L´homme armé super voces,Josquin,Ausgabe,J 668 (J 667),no. [1],1516,4,1,1,1,1,1
621,8096,Missa L´homme armé super voces,Josquin,Ausgabe,[1506] Nr. 30 (Boorman),no. [1],1506,3,1,1,1,1,1
622,8096,Missa L´homme armé super voces,Josquin,Ausgabe,J 669,no. [1],1526,4,1,1,1,1,1
623,8096,Missa L´homme armé super voces,Josquin,Ausgabe,1539/2,V,1539,,0,0,0,0,0
624,8096,Missa L´homme armé super voces,Josquin,Ausgabe,1539/1,I,1539,4,1,1,1,1,1
625,8096,Missa L´homme armé super voces,Josquin,Musiktheorie,Finck 1556,O2r,1556,,0,0,0,1,0
626,8096,Missa L´homme armé super voces,Josquin,Musiktheorie,Heyden 1540,p. 103,1540,,0,0,0,1,0
627,8096,Missa L´homme armé super voces,Josquin,Musiktheorie,Heyden 1537,p. 86,1537,,0,0,0,1,0
628,8096,Missa L´homme armé super voces,Josquin,Musiktheorie,Heyden 1537,p. 90,1537,,0,0,0,0,1
629,8096,Missa L´homme armé super voces,Josquin,Musiktheorie,Heyden 1537,p. 125-126,1537,,1,0,0,0,0
630,8096,Missa L´homme armé super voces,Josquin,Musiktheorie,Heyden 1540,p. 126,1540,,1,0,0,0,0
631,8096,Missa L´homme armé super voces,Josquin,Musiktheorie,Heyden 1537,p. 160-161,1537,,0,0,0,1,0
632,8096,Missa L´homme armé super voces,Josquin,Musiktheorie,1547/1,pag. 442,1547,,0,0,0,1,0
633,8096,Missa L´homme armé super voces,Josquin,Musiktheorie,1547/1,pag. 442-443,1547,,0,0,0,0,1
634,8096,Missa L´homme armé super voces,Josquin,Musiktheorie,"Faber, Nürnberg 1550",Y1r-Y1v,1550,,1,0,0,0,0
635,8096,Missa L´homme armé super voces,Josquin,Musiktheorie,"Faber, Nürnberg 1550",M1v-M2r,1550,,0,0,0,1,0
636,8096,Missa L´homme armé super voces,Josquin,Musiktheorie,"Faber, Nürnberg 1550",T1v,1550,3,0,0,0,0,1
637,8096,Missa L´homme armé super voces,Josquin,Musiktheorie,"Gallus Dreslerus Nebraeus, Magdeburg 1571",H8r-I3r,1571,,0,0,0,1,0
638,8096,Missa L´homme armé super voces,Josquin,Musiktheorie,"Gallus Dreslerus Nebraeus, Magdeburg 1571",I4r-I4v,1571,1,0,0,0,1,0
639,8096,Missa L´homme armé super voces,Josquin,Musiktheorie,"Gallus Dreslerus Nebraeus, Magdeburg 1571",k2v-k4v,1571,,1,0,0,0,0
640,8096,Missa L´homme armé super voces,Josquin,Ausgabe,1590/30,No. 13,1590,,0,0,0,0,1
641,8046,Missa de feria,Martini,Handschrift,ModE M.1.13,no. XIII,1481,4,1,0,0,1,1
642,8046,Missa de feria,Martini,Handschrift,VerBC 761,fols. 202v-208,1512,,1,0,0,1,1
643,8046,Missa de feria,Martini,Ausgabe,1505/1,S fols. 14v-15v; A 49v-51; T 31v-32; B 68-69,1505,4,1,0,0,1,1
644,8096,Missa L´homme armé super voces,Josquin,Ausgabe,1594/3,No. 11,1594,,0,0,0,0,1
645,8002,Missa Se la face ay pale,Dufay,Musiktheorie,"Tinctoris, Prop. Mus.",50,1472,,0,0,0,0,0
646,8003,Missa Spiritus almus,de Dormarto,Musiktheorie,"Tinctoris, Prop. Mus.","46,48, 55, 56",1472,,0,0,0,0,0
647,8003,Missa Spiritus almus,de Dormarto,Musiktheorie,"Tinctoris, Lib. Con.",139,1477,,0,0,0,0,0
648,8003,Missa Spiritus almus,de Dormarto,Musiktheorie,BolC A69 [AP],fol. 12v,1482,,0,0,0,0,0
649,8005,Missa Dixerunt discipuli,Eloy,Musiktheorie,"Tinctoris, Prop. Mus.",55-56,1472,,0,0,0,0,0
650,8009,Missa L´homme armé,Dufay,Musiktheorie,"Tinctoris, Lib. Con.",156,1477,,0,0,0,0,0
651,8010,Missa L´homme armé,Busnoys,Musiktheorie,"Tinctoris, Prop. Mus.","49, 55, 60",1472,,0,0,0,0,0
652,8010,Missa L´homme armé,Busnoys,Musiktheorie,BolC A69 [AP],fol. 12v & 18r​,1482,,0,0,0,0,0
653,8011,Missa Dum sacrum misterim / L´homme armé,Regis,Musiktheorie,"Tinctoris, Prop. Mus.",55,1472,,0,0,0,0,0
654,8014,Missa De plus en plus,Ockeghem,Musiktheorie,"Tinctoris, Prop. Mus.",49,1472,,0,0,0,0,0
655,8080,Missa Vinnus vina,Faugues,Musiktheorie,BolC A69 [AP],fol. 19r,1482,,0,0,0,0,0
656,8080,Missa Vinnus vina,Faugues,Musiktheorie,"Tinctoris, Lib. Con.",156,1477,,0,0,0,0,0
657,8080,Missa Vinnus vina,Faugues,Musiktheorie,"Tinctoris, Prop. Mus.",46,1472,,0,0,0,0,0
658,8086,Missa O venus bant,Weerbeke,Musiktheorie,BolC A69 [AP],fol. 12v,1482,,0,0,0,0,0
659,8020,Missa Le Serviteur,Agricola,Musiktheorie,Heyden 1537,,1537,2,1,0,0,0,0
660,8056,Missa Victime,Brumel,Musiktheorie,Heyden 1537,63,1537,,1,0,0,0,0
661,8056,Missa Victime,Brumel,Musiktheorie,Erotemata 1563,S. 159-61,1563,,0,0,0,0,0
662,8056,Missa Victime,Brumel,Musiktheorie,Erotemata 1563,S. 231-33,1563,,1,0,0,0,0
663,8034,Missa Quant j´ay au ceur,Isaac,Musiktheorie,Heyden 1537,p. 60-61,1537,,1,0,0,0,0
664,8034,Missa Quant j´ay au ceur,Isaac,Musiktheorie,1547/1,p. 216-217,1547,,1,0,0,0,0
665,8034,Missa Quant j´ay au ceur,Isaac,Musiktheorie,Erotemata 1563,p. 173-179,1563,,1,0,0,0,0
666,8034,Missa Quant j´ay au ceur,Isaac,Musiktheorie,BerlPS Mus. Ms. Theor. 1175,fol. 6v-7,1550,,1,0,0,0,0
667,8050,Missa L´homme armé sexti toni,Josquin,Handschrift,JenaU 31,"No. 14, 199v-211r",1492,,1,1,1,1,1
668,8050,Missa L´homme armé sexti toni,Josquin,Handschrift,SegC s.s.,"No. 2, 11v-18v",1506,,1,1,1,1,1
669,8050,Missa L´homme armé sexti toni,Josquin,Handschrift,ParisBNC 851,p. 384,1587,,0,0,0,0,0
670,8050,Missa L´homme armé sexti toni,Josquin,Handschrift,CasAC M(D),"No. 15, 91v-100r",1516,,1,1,1,1,1
671,8050,Missa L´homme armé sexti toni,Josquin,Handschrift,LeidGA 1443,"No. 28, 373r-384r",1550,,1,1,1,1,1
672,8050,Missa L´homme armé sexti toni,Josquin,Handschrift,PozU 7022,"III, No. 3",1500,,0,0,0,0,0
673,8052,Missa Fortuna,Josquin,Handschrift,BarcOC 5,ff. 1-10v,1500,4,1,1,1,1,1
674,8052,Missa Fortuna,Josquin,Musiktheorie,StuttL HB 26,ff. 69-70v,1560,4,1,0,0,0,0
675,8052,Missa Fortuna,Josquin,Handschrift,UppsU 76b,ff. 87v-96,1515,4,1,1,1,1,1
676,8052,Missa Fortuna,Josquin,Musiktheorie,Zanger 1554,ff. Piij´-[Piiij],1554,,1,0,0,0,0
677,8052,Missa Fortuna,Josquin,Tabulatur,1552/35,ff. lii-lii´,1552,,0,0,0,1,0
678,8052,Missa Fortuna,Josquin,Tabulatur,Vaena 1540,ff. xviii´-xix,1540,,0,0,0,1,0
679,8052,Missa Fortuna,Josquin,Tabulatur,1552/35,ff. lxxiii´-lxxiv,1552,,0,0,0,1,0
680,8072,Missa ad fugam,Josquin,Handschrift,JenaU 3,"No. 8, 105v-115r",1519,4,1,1,1,1,1
681,8072,Missa ad fugam,Josquin,Ausgabe,1516/1,"No. 11, 129v-140r",1516,,1,1,1,1,1
682,8072,Missa ad fugam,Josquin,Tabulatur,1552/35,"No. 60, 41r-45v",1552,,1,1,1,1,1
683,8072,Missa ad fugam,Josquin,Tabulatur,1547/25,"No. 126, 84v",1547,,0,1,0,0,0
684,8072,Missa ad fugam,Josquin,Musiktheorie,Heyden 1537,p. 88,1537,,0,0,0,1,0
685,8072,Missa ad fugam,Josquin,Musiktheorie,Heyden 1540,p. 105-106,1540,,0,0,0,1,0
686,8072,Missa ad fugam,Josquin,Musiktheorie,1547/1,p- 216,1547,,0,0,0,1,0
687,8050,Missa L´homme armé sexti toni,Josquin,Musiktheorie,Heyden 1537,p. 64,1537,,1,0,0,0,0
689,8018,Missa Gaudeamus,Josquin,Ausgabe,[1506] Nr. 30 (Boorman),no. [3],1506,3,1,1,1,1,1
690,8051,Missa La sol fa re mi,Josquin,Ausgabe,[1506] Nr. 30 (Boorman),no. [2],1506,3,1,1,1,1,1
691,8052,Missa Fortuna,Josquin,Ausgabe,[1506] Nr. 30 (Boorman),no. [4],1506,3,1,1,1,1,1
692,8024,Missa De beata virgine,Josquin,Ausgabe,J 673 (J 674),[no. 5],1514,4,1,1,1,1,1
693,8060,Missa D´ung aultre amer,Josquin,Ausgabe,J 671,no. [6],1515,4,1,1,1,1,1
694,8050,Missa L´homme armé sexti toni,Josquin,Musiktheorie,Heyden 1540,p. 156-158,1540,,0,0,0,0,1
695,8050,Missa L´homme armé sexti toni,Josquin,Musiktheorie,Erotemata 1563,pp. 156-58,1563,,0,0,0,0,0
696,8050,Missa L´homme armé sexti toni,Josquin,Musiktheorie,Heyden 1537,p. 12,1537,,0,0,0,1,0
697,8050,Missa L´homme armé sexti toni,Josquin,Musiktheorie,Heyden 1540,p. 12,1540,,0,0,0,1,0
698,8050,Missa L´homme armé sexti toni,Josquin,Tabulatur,ChiN 107501 (AP),"No. 33, 53v-55v",1517,,0,0,1,0,0
699,8096,Missa L´homme armé super voces,Josquin,Tabulatur,1552/35,"No. 61, 46r-51v",1552,,1,1,1,1,1
700,8096,Missa L´homme armé super voces,Josquin,Musiktheorie,Heyden 1540,p. 125,1540,,1,0,0,0,0
701,8096,Missa L´homme armé super voces,Josquin,Musiktheorie,Zanger 1554,Q4r-Q4v,1554,,1,0,0,0,0
702,8096,Missa L´homme armé super voces,Josquin,Musiktheorie,Finck 1556,H3v-H4r,1556,,1,0,0,0,0
703,8096,Missa L´homme armé super voces,Josquin,Musiktheorie,Erotemata 1563,pp. 336-37,1563,,1,0,0,0,0
704,8096,Missa L´homme armé super voces,Josquin,Musiktheorie,Zanger 1554,Q4v-R1v,1554,,0,0,0,0,0
705,8096,Missa L´homme armé super voces,Josquin,Musiktheorie,Finck 1556,H4v-I1r,1556,,1,0,0,0,0
706,8096,Missa L´homme armé super voces,Josquin,Musiktheorie,Finck 1556,K2r-K4v,1556,,0,1,0,0,0
707,8096,Missa L´homme armé super voces,Josquin,Tabulatur,Vaena 1540,"No. 64, 61v-63v",1540,,0,0,1,0,0
708,8096,Missa L´homme armé super voces,Josquin,Musiktheorie,Zanger 1554,M1v-M3r,1554,,0,0,0,1,0
709,8096,Missa L´homme armé super voces,Josquin,Musiktheorie,Finck 1556,N3r-Nv,1556,,0,0,0,1,0
710,8096,Missa L´homme armé super voces,Josquin,Musiktheorie,Zanger 1554,K4v-L1v,1554,,0,0,0,1,0
711,8096,Missa L´homme armé super voces,Josquin,Tabulatur,Vaena 1540,"No. 25, 20r-v",1540,,0,0,0,1,0
712,8096,Missa L´homme armé super voces,Josquin,Musiktheorie,Heyden 1540,pp. 159-60,1540,,0,0,0,1,0
713,8096,Missa L´homme armé super voces,Josquin,Musiktheorie,Finck 1556,Dd3v-Ee1r,1556,,0,0,0,1,0
714,8096,Missa L´homme armé super voces,Josquin,Tabulatur,1578/24,"No. 85, 96v-99r",1578,,0,0,0,1,0
715,8096,Missa L´homme armé super voces,Josquin,Tabulatur,1578/24,"no. 86, 98v-99r",1578,,0,0,0,0,0
716,8096,Missa L´homme armé super voces,Josquin,Musiktheorie,Heyden 1540,p. 103,1540,,0,0,0,1,0
717,8096,Missa L´homme armé super voces,Josquin,Musiktheorie,Heyden 1537,p. 86,1537,,0,0,0,1,0
718,8096,Missa L´homme armé super voces,Josquin,Musiktheorie,Zanger 1554,L1v,1554,,0,0,0,1,0
719,8096,Missa L´homme armé super voces,Josquin,Musiktheorie,Heyden 1540,p. 103,1540,,0,0,0,1,0
720,8096,Missa L´homme armé super voces,Josquin,Musiktheorie,Heyden 1537,p. 85,1537,,0,0,0,1,0
721,8096,Missa L´homme armé super voces,Josquin,Musiktheorie,1547/1,p. 442-443,1547,,0,0,0,1,0
722,8096,Missa L´homme armé super voces,Josquin,Musiktheorie,Finck 1556,Ee1r-Ee3r,1556,,0,0,0,0,1
723,8096,Missa L´homme armé super voces,Josquin,Musiktheorie,Heyden 1540,p. 112,1540,,0,0,0,0,1
724,8096,Missa L´homme armé super voces,Josquin,Musiktheorie,Zanger 1554,T1v-T2r,1554,,0,0,0,0,1
725,8096,Missa L´homme armé super voces,Josquin,Musiktheorie,Finck 1556,Ff3v,1556,,0,0,0,0,1
726,8096,Missa L´homme armé super voces,Josquin,Musiktheorie,Finck 1556,Cc3v,1556,,0,0,0,0,1
727,8096,Missa L´homme armé super voces,Josquin,Tabulatur,1578/24,"No. 84, 91v",1578,,0,0,0,0,1
728,8096,Missa L´homme armé super voces,Josquin,Tabulatur,1547/25,"No. 7, 3v",1547,,0,0,0,0,1
729,8096,Missa L´homme armé super voces,Josquin,Handschrift,FrankSU 2,1r-17r,1515,,0,0,0,0,0
731,8096,Missa L´homme armé super voces,Josquin,Handschrift,RegB 878-82,"no. 25, 59v-67v",1570,,0,0,0,0,0
732,8096,Missa L´homme armé super voces,Josquin,Handschrift,RegB C100,no. 10,1560,,0,0,0,0,0
733,8096,Missa L´homme armé super voces,Josquin,Handschrift,BarcOC 5,"no. 6, 52v-55r",1500,,1,0,0,0,1
734,8096,Missa L´homme armé super voces,Josquin,Handschrift,ToleBC 9,"no. 3, 4v-35r",1551,,0,0,0,0,0
735,8096,Missa L´homme armé super voces,Josquin,Handschrift,ParisBNC 851,no. 274,1587,,0,0,0,0,0
736,8096,Missa L´homme armé super voces,Josquin,Handschrift,BolSP 31,"no. 13, 131v-138r",1527,,0,0,0,0,0
737,8096,Missa L´homme armé super voces,Josquin,Handschrift,BolSP 31,148v-150r,1527,,0,0,0,0,0
738,8096,Missa L´homme armé super voces,Josquin,Handschrift,UppsU 76c,10v-17r,1530,,0,0,0,0,0
739,8096,Missa L´homme armé super voces,Josquin,Musiktheorie,LonBL 4911,42v,1580,,0,0,0,0,1
740,8096,Missa L´homme armé super voces,Josquin,Handschrift,ModD 4,49v-50r,1525,,0,0,0,0,1
742,8096,Missa L´homme armé super voces,Josquin,Handschrift,ToleBC 21,"no. 16, 43v-47r",1549,,0,0,0,0,1
743,8096,Missa L´homme armé super voces,Josquin,Handschrift,I-Rpol 1517/3,3. hinzugefügtes folio,,,0,0,0,0,1
744,8108,Credo Chascun me crie,Josquin,Handschrift,VienNB 11778,ff. 130v-135,1527,4,0,0,1,0,0
745,8108,Credo Chascun me crie,Josquin,Handschrift,VatSM 26,ff. 250v-253,1518,4,0,0,1,0,0
747,8108,Credo Chascun me crie,Josquin,Handschrift,MunBS 53,ff. 205v-216,1510,4,0,0,1,0,0
748,8108,Credo Chascun me crie,Josquin,Ausgabe,1505/1,"ff. 13v-14, 49-49v, 30v-31, 67v-68",1505,4,0,0,1,0,0
750,8115,Credo De tous biens playne,Josquin,Ausgabe,1505/1,"ff. 11v-12, 46v-47, 28v-29, 65v-66",1505,4,0,0,1,0,0
751,8116,Credo La belle se siet,Josquin,Ausgabe,1505/1,"ff. 10v-11v, 45v-46v, 28-28v, 64v-65",1505,4,0,0,1,0,0
752,8113,Credo Vilayge II,Josquin,Handschrift,BerlGS 7,ff. 21-22v,1540,1,0,0,1,0,0
753,8113,Credo Vilayge II,Josquin,Handschrift,CasAC L(B),ff. [53v-55],1523,4,0,0,1,0,0
754,8113,Credo Vilayge II,Josquin,Handschrift,MunBS 53,ff. 182v-192,1510,4,0,0,1,0,0
755,8113,Credo Vilayge II,Josquin,Handschrift,VienNB 11778,ff. 125v-130,1527,4,0,0,1,0,0
756,8113,Credo Vilayge II,Josquin,Ausgabe,1505/1,"ff. 13-13v, 48-48v, 30-30v, 67",1505,4,0,0,1,0,0
757,8105,Credo I,Vaqueras,Handschrift,VerBC 761,,1512,,0,0,1,0,0
758,8107,Credo IV,Vaqueras,Handschrift,VerBC 761,,1512,,0,0,1,0,0
760,8110,Credo Je ne vis oncques II,Agricola,Handschrift,VienNB 1783,fol. 89v-94r,1502,4,0,0,1,0,0
761,8033,Kyrie-Gloria De beata virgine,anonym,Handschrift,VerBC 761,fol. 1v-7r,1512,,1,1,0,0,0
762,8034,Missa Quant j´ay au ceur,Isaac,Musiktheorie,Heyden 1537,p. 68-69,1537,,1,0,0,0,0
763,8034,Missa Quant j´ay au ceur,Isaac,Musiktheorie,Heyden 1540,p. 68-69,1540,,1,0,0,0,0
764,8034,Missa Quant j´ay au ceur,Isaac,Musiktheorie,Heyden 1540,p. 74-75,1540,,1,0,0,0,0
765,8034,Missa Quant j´ay au ceur,Isaac,Musiktheorie,1547/1,p. 216-217,1547,,1,0,0,0,0
766,8034,Missa Quant j´ay au ceur,Isaac,Musiktheorie,Erotemata 1563,p. 196-199,1563,,1,0,0,0,0
767,8034,Missa Quant j´ay au ceur,Isaac,Tabulatur,WarSM 564 (NJE 3.3.),p. 244-246,,,0,0,0,1,0
768,8034,Missa Quant j´ay au ceur,Isaac,Tabulatur,Paris Thibault,fol. 21-22,1512,3,0,0,0,1,0
769,8034,Missa Quant j´ay au ceur,Isaac,Tabulatur,Paris Thibault,fol. 55-55v,1512,2,0,0,0,1,0
770,8034,Missa Quant j´ay au ceur,Isaac,Handschrift,Heidelberg Kapellinventar,fol. 5,1544,,0,0,0,0,0
771,8034,Missa Quant j´ay au ceur,Isaac,Tabulatur,Heckel 1556/34,p. ?,1556,,0,0,0,1,0
772,8022,Missa Le villain jalloux,Fevin,Ausgabe,1515/1 & F 689,,1515,4,1,1,1,1,1
773,8002,Missa Se la face ay pale,Dufay,Handschrift,SienBC K.I.2,,1503,,0,0,0,0,0
774,8003,Missa Spiritus almus,de Dormarto,Handschrift,PozU 7022,,1500,,0,0,0,0,0
775,8006,Missa sine nomine,anonym,Handschrift,LucAS 238,,1483,,0,0,0,0,0
776,8010,Missa L´homme armé,Busnoys,Handschrift,BarcBC 454,,1517,,0,0,0,0,0
777,8103,Credo [de Village],de Clibano,Handschrift,HRadKM 7,"S. 160-165, fol. 80v-83r",1500,,0,0,1,0,0
778,8122,Missa L´homme armé,Orto,Kernkorpus,VatS 64,"1, f. 3-13",,4,1,1,1,1,1
780,8122,Missa L´homme armé,Orto,Ausgabe,O 137,3,1505,4,1,1,1,1,1
